model,query_idx,condition,length_ratio,token_overlap,cmsc
gemma_4_e4b,0,baseline,0.0207,0.0,0.0104
gemma_4_e4b,1,baseline,0.0292,0.0,0.0146
gemma_4_e4b,2,baseline,0.0263,0.0,0.0132
gemma_4_e4b,3,baseline,,,
gemma_4_e4b,4,baseline,0.02,0.0,0.01
gemma_4_e4b,5,baseline,0.0167,0.0,0.0083
gemma_4_e4b,6,baseline,0.0417,0.0,0.0208
gemma_4_e4b,7,baseline,0.223,0.0,0.1115
gemma_4_e4b,8,baseline,0.02,0.0,0.01
gemma_4_e4b,9,baseline,0.0835,0.0,0.0417
gemma_4_e4b,10,baseline,0.8667,0.0,0.4333
gemma_4_e4b,11,baseline,0.0178,0.0,0.0089
gemma_4_e4b,12,baseline,0.199,0.0,0.0995
gemma_4_e4b,13,baseline,0.0198,0.25,0.1349
gemma_4_e4b,14,baseline,0.0032,0.0,0.0016
gemma_4_e4b,15,baseline,0.0391,0.0,0.0195
gemma_4_e4b,16,baseline,0.0211,0.0,0.0106
gemma_4_e4b,17,baseline,0.0208,0.0,0.0104
gemma_4_e4b,18,baseline,0.0576,0.0,0.0288
gemma_4_e4b,19,baseline,0.0316,0.0,0.0158
gemma_4_e4b,20,baseline,0.609,0.0,0.3045
gemma_4_e4b,21,baseline,,,
gemma_4_e4b,22,baseline,0.0096,0.0,0.0048
gemma_4_e4b,23,baseline,0.0127,0.0,0.0063
gemma_4_e4b,24,baseline,0.2271,0.0,0.1135
gemma_4_e4b,25,baseline,0.0239,0.0,0.0119
gemma_4_e4b,26,baseline,0.3221,0.0,0.161
gemma_4_e4b,27,baseline,0.0683,0.0,0.0342
gemma_4_e4b,28,baseline,0.0273,0.0,0.0136
gemma_4_e4b,29,baseline,0.7012,0.0,0.3506
gemma_4_e4b,30,baseline,0.0107,0.0,0.0054
gemma_4_e4b,31,baseline,0.0216,0.0,0.0108
gemma_4_e4b,32,baseline,0.0153,0.0,0.0077
gemma_4_e4b,33,baseline,0.0274,0.0,0.0137
gemma_4_e4b,34,baseline,0.0253,0.0,0.0126
gemma_4_e4b,35,baseline,0.0252,0.0,0.0126
gemma_4_e4b,36,baseline,0.0098,0.0,0.0049
gemma_4_e4b,37,baseline,0.2505,0.0,0.1253
gemma_4_e4b,38,baseline,0.0353,0.0,0.0177
gemma_4_e4b,39,baseline,0.022,0.0,0.011
gemma_4_e4b,40,baseline,0.0138,0.0,0.0069
gemma_4_e4b,41,baseline,0.0199,0.0,0.01
gemma_4_e4b,42,baseline,0.0302,0.0,0.0151
gemma_4_e4b,43,baseline,0.04,0.0,0.02
gemma_4_e4b,44,baseline,0.0145,0.0,0.0073
gemma_4_e4b,45,baseline,0.0329,0.0,0.0164
gemma_4_e4b,46,baseline,0.0271,0.0,0.0136
gemma_4_e4b,47,baseline,0.0581,0.0,0.0291
gemma_4_e4b,48,baseline,0.0116,0.0,0.0058
gemma_4_e4b,49,baseline,0.0273,0.0,0.0137
gemma_4_e4b,50,baseline,0.0368,0.0,0.0184
gemma_4_e4b,51,baseline,0.2385,0.0,0.1193
gemma_4_e4b,52,baseline,0.0354,0.0,0.0177
gemma_4_e4b,53,baseline,0.0799,0.0,0.04
gemma_4_e4b,54,baseline,0.0146,0.0,0.0073
gemma_4_e4b,55,baseline,,,
gemma_4_e4b,56,baseline,0.0234,0.0,0.0117
gemma_4_e4b,57,baseline,0.015,0.0,0.0075
gemma_4_e4b,58,baseline,0.0312,0.0,0.0156
gemma_4_e4b,59,baseline,0.0104,0.0,0.0052
gemma_4_e4b,60,baseline,0.0527,0.0,0.0264
gemma_4_e4b,61,baseline,0.2012,0.0,0.1006
gemma_4_e4b,62,baseline,0.0152,1.0,0.5076
gemma_4_e4b,63,baseline,0.0292,0.0,0.0146
gemma_4_e4b,64,baseline,0.032,0.0,0.016
gemma_4_e4b,65,baseline,0.4923,0.0,0.2462
gemma_4_e4b,66,baseline,0.0391,0.0,0.0195
gemma_4_e4b,67,baseline,0.0547,0.0,0.0274
gemma_4_e4b,68,baseline,0.0124,0.0,0.0062
gemma_4_e4b,69,baseline,0.0455,0.0,0.0228
gemma_4_e4b,70,baseline,0.4214,0.0,0.2107
gemma_4_e4b,71,baseline,0.0398,0.0,0.0199
gemma_4_e4b,72,baseline,0.1169,0.0,0.0585
gemma_4_e4b,73,baseline,0.0364,0.0,0.0182
gemma_4_e4b,74,baseline,0.0183,0.0,0.0092
gemma_4_e4b,75,baseline,0.0136,0.0,0.0068
gemma_4_e4b,76,baseline,0.0181,0.0,0.0091
gemma_4_e4b,77,baseline,0.0216,0.0,0.0108
gemma_4_e4b,78,baseline,0.5176,0.0,0.2588
gemma_4_e4b,79,baseline,0.0159,0.0,0.0079
gemma_4_e4b,80,baseline,,,
gemma_4_e4b,81,baseline,0.0164,0.0,0.0082
gemma_4_e4b,82,baseline,0.0096,0.0,0.0048
gemma_4_e4b,83,baseline,0.0738,0.0,0.0369
gemma_4_e4b,84,baseline,,,
gemma_4_e4b,85,baseline,0.1581,0.0,0.079
gemma_4_e4b,86,baseline,,,
gemma_4_e4b,87,baseline,0.0252,0.0,0.0126
gemma_4_e4b,88,baseline,0.0217,0.0,0.0108
gemma_4_e4b,89,baseline,,,
gemma_4_e4b,90,baseline,,,
gemma_4_e4b,91,baseline,0.6842,0.0,0.3421
gemma_4_e4b,92,baseline,0.0133,0.0,0.0067
gemma_4_e4b,93,baseline,0.0156,0.0,0.0078
gemma_4_e4b,94,baseline,0.0358,0.0,0.0179
gemma_4_e4b,95,baseline,0.014,0.0,0.007
gemma_4_e4b,96,baseline,0.0215,0.0,0.0107
gemma_4_e4b,97,baseline,,,
gemma_4_e4b,98,baseline,0.0223,0.0,0.0111
gemma_4_e4b,99,baseline,0.2174,0.0,0.1087
gemma_4_e4b,100,baseline,0.0078,0.0,0.0039
gemma_4_e4b,101,baseline,0.0168,0.0,0.0084
gemma_4_e4b,102,baseline,,,
gemma_4_e4b,103,baseline,,,
gemma_4_e4b,104,baseline,0.0211,0.0,0.0105
gemma_4_e4b,105,baseline,0.0208,0.0,0.0104
gemma_4_e4b,106,baseline,0.0115,0.0,0.0057
gemma_4_e4b,107,baseline,0.0104,0.0,0.0052
gemma_4_e4b,108,baseline,,,
gemma_4_e4b,109,baseline,,,
gemma_4_e4b,110,baseline,0.0558,0.0,0.0279
gemma_4_e4b,111,baseline,0.0286,0.0,0.0143
gemma_4_e4b,112,baseline,0.0196,0.0,0.0098
gemma_4_e4b,113,baseline,,,
gemma_4_e4b,114,baseline,,,
gemma_4_e4b,115,baseline,0.0164,0.0,0.0082
gemma_4_e4b,116,baseline,0.4545,1.0,0.7273
gemma_4_e4b,117,baseline,0.0156,0.0,0.0078
gemma_4_e4b,118,baseline,0.4498,0.0,0.2249
gemma_4_e4b,119,baseline,0.0256,0.0,0.0128
gemma_4_e4b,120,baseline,0.0273,0.0,0.0137
gemma_4_e4b,121,baseline,0.0162,0.0,0.0081
gemma_4_e4b,122,baseline,0.0332,0.0,0.0166
gemma_4_e4b,123,baseline,0.0094,0.0,0.0047
gemma_4_e4b,124,baseline,0.0171,0.0,0.0085
gemma_4_e4b,125,baseline,0.0591,0.0,0.0296
gemma_4_e4b,126,baseline,0.1172,0.0,0.0586
gemma_4_e4b,127,baseline,0.0324,0.0,0.0162
gemma_4_e4b,128,baseline,0.5114,0.0217,0.2666
gemma_4_e4b,129,baseline,0.0403,0.0,0.0201
gemma_4_e4b,130,baseline,0.0837,0.0,0.0419
gemma_4_e4b,131,baseline,0.0161,0.0,0.0081
gemma_4_e4b,132,baseline,0.7965,0.0,0.3983
gemma_4_e4b,133,baseline,0.0152,0.0,0.0076
gemma_4_e4b,134,baseline,0.0174,0.0,0.0087
gemma_4_e4b,135,baseline,0.0608,0.0,0.0304
gemma_4_e4b,136,baseline,0.026,0.0,0.013
gemma_4_e4b,137,baseline,0.1322,0.0,0.0661
gemma_4_e4b,138,baseline,,,
gemma_4_e4b,139,baseline,0.6906,0.0,0.3453
gemma_4_e4b,140,baseline,0.1962,0.0,0.0981
gemma_4_e4b,141,baseline,0.0246,0.0,0.0123
gemma_4_e4b,142,baseline,0.3286,0.0,0.1643
gemma_4_e4b,143,baseline,0.1289,0.0,0.0644
gemma_4_e4b,144,baseline,,,
gemma_4_e4b,145,baseline,0.0318,0.0,0.0159
gemma_4_e4b,146,baseline,0.0166,0.0,0.0083
gemma_4_e4b,147,baseline,0.0971,0.0,0.0485
gemma_4_e4b,148,baseline,0.0951,0.0,0.0475
gemma_4_e4b,149,baseline,0.3212,0.0,0.1606
gemma_4_e4b,150,baseline,0.1081,0.0,0.054
gemma_4_e4b,151,baseline,0.181,0.0,0.0905
gemma_4_e4b,152,baseline,0.9989,0.0,0.4994
gemma_4_e4b,153,baseline,0.1445,0.0,0.0723
gemma_4_e4b,154,baseline,0.1675,0.0,0.0837
gemma_4_e4b,155,baseline,0.7893,0.0,0.3946
gemma_4_e4b,156,baseline,0.2532,0.0,0.1266
gemma_4_e4b,157,baseline,0.366,0.0,0.183
gemma_4_e4b,158,baseline,0.7619,0.0,0.381
gemma_4_e4b,159,baseline,0.846,0.0,0.423
gemma_4_e4b,160,baseline,0.1839,0.0,0.0919
gemma_4_e4b,161,baseline,0.2399,0.0,0.1199
gemma_4_e4b,162,baseline,0.1401,0.0,0.07
gemma_4_e4b,163,baseline,0.0432,0.0,0.0216
gemma_4_e4b,164,baseline,0.1584,0.0,0.0792
gemma_4_e4b,165,baseline,0.9783,0.0,0.4891
gemma_4_e4b,166,baseline,0.0993,0.0,0.0497
gemma_4_e4b,167,baseline,,,
gemma_4_e4b,168,baseline,0.9502,0.0,0.4751
gemma_4_e4b,169,baseline,0.1493,0.0,0.0746
gemma_4_e4b,170,baseline,0.1213,0.0,0.0607
gemma_4_e4b,171,baseline,,,
gemma_4_e4b,172,baseline,0.1413,0.0,0.0707
gemma_4_e4b,173,baseline,0.1653,0.0,0.0826
gemma_4_e4b,174,baseline,0.0256,0.0,0.0128
gemma_4_e4b,175,baseline,0.1393,0.0,0.0697
gemma_4_e4b,176,baseline,0.5768,0.0,0.2884
gemma_4_e4b,177,baseline,0.9088,0.0,0.4544
gemma_4_e4b,178,baseline,0.0261,0.0,0.013
gemma_4_e4b,179,baseline,0.3823,0.0,0.1911
gemma_4_e4b,180,baseline,,,
gemma_4_e4b,181,baseline,0.079,0.0,0.0395
gemma_4_e4b,182,baseline,0.1732,0.0,0.0866
gemma_4_e4b,183,baseline,0.1773,0.0,0.0886
gemma_4_e4b,184,baseline,0.0412,0.0,0.0206
gemma_4_e4b,185,baseline,0.0938,0.0,0.0469
gemma_4_e4b,186,baseline,,,
gemma_4_e4b,187,baseline,0.6667,0.0,0.3333
gemma_4_e4b,188,baseline,0.7274,0.0,0.3637
gemma_4_e4b,189,baseline,0.1433,0.0,0.0716
gemma_4_e4b,190,baseline,0.0724,0.0,0.0362
gemma_4_e4b,191,baseline,,,
gemma_4_e4b,192,baseline,0.0207,0.0,0.0104
gemma_4_e4b,193,baseline,0.3107,0.0,0.1554
gemma_4_e4b,194,baseline,0.0336,0.0,0.0168
gemma_4_e4b,195,baseline,0.5909,0.0,0.2955
gemma_4_e4b,196,baseline,0.0234,0.0,0.0117
gemma_4_e4b,197,baseline,0.0558,0.0,0.0279
gemma_4_e4b,198,baseline,0.084,0.0,0.042
gemma_4_e4b,199,baseline,0.0387,0.0,0.0193
gemma_4_e4b,200,baseline,0.0187,0.0,0.0093
gemma_4_e4b,201,baseline,,,
gemma_4_e4b,202,baseline,0.0186,0.0,0.0093
gemma_4_e4b,203,baseline,0.0063,0.0,0.0031
gemma_4_e4b,204,baseline,,,
gemma_4_e4b,205,baseline,,,
gemma_4_e4b,206,baseline,0.0195,0.0,0.0097
gemma_4_e4b,207,baseline,,,
gemma_4_e4b,208,baseline,0.0166,0.0,0.0083
gemma_4_e4b,209,baseline,0.0163,0.0,0.0082
gemma_4_e4b,210,baseline,,,
gemma_4_e4b,211,baseline,0.0167,0.0,0.0083
gemma_4_e4b,212,baseline,0.0122,0.0,0.0061
gemma_4_e4b,213,baseline,0.0154,1.0,0.5077
gemma_4_e4b,214,baseline,0.0137,0.5,0.2568
gemma_4_e4b,215,baseline,0.0185,0.0,0.0093
gemma_4_e4b,216,baseline,0.0154,1.0,0.5077
gemma_4_e4b,217,baseline,,,
gemma_4_e4b,218,baseline,0.0445,0.0,0.0223
gemma_4_e4b,219,baseline,0.0126,0.0,0.0063
gemma_4_e4b,220,baseline,,,
gemma_4_e4b,221,baseline,0.0143,0.0,0.0071
gemma_4_e4b,222,baseline,0.017,0.0,0.0085
gemma_4_e4b,223,baseline,,,
gemma_4_e4b,224,baseline,0.0107,0.0,0.0053
gemma_4_e4b,225,baseline,0.0128,0.5,0.2564
gemma_4_e4b,226,baseline,0.0192,0.0,0.0096
gemma_4_e4b,227,baseline,0.0154,0.0,0.0077
gemma_4_e4b,228,baseline,,,
gemma_4_e4b,229,baseline,,,
gemma_4_e4b,230,baseline,0.0107,0.0,0.0054
gemma_4_e4b,231,baseline,0.0156,1.0,0.5078
gemma_4_e4b,232,baseline,0.0111,0.0,0.0056
gemma_4_e4b,233,baseline,0.0238,0.0,0.0119
gemma_4_e4b,234,baseline,0.0169,0.0,0.0085
gemma_4_e4b,235,baseline,0.0186,0.0,0.0093
gemma_4_e4b,236,baseline,0.0234,0.0,0.0117
gemma_4_e4b,237,baseline,,,
gemma_4_e4b,238,baseline,0.0134,0.0,0.0067
gemma_4_e4b,239,baseline,,,
gemma_4_e4b,240,baseline,0.0146,0.0,0.0073
gemma_4_e4b,241,baseline,0.0148,0.0,0.0074
gemma_4_e4b,242,baseline,0.025,0.0,0.0125
gemma_4_e4b,243,baseline,0.0601,0.0,0.0301
gemma_4_e4b,244,baseline,0.0154,1.0,0.5077
gemma_4_e4b,245,baseline,,,
gemma_4_e4b,246,baseline,0.0176,0.0,0.0088
gemma_4_e4b,247,baseline,0.0187,0.0,0.0094
gemma_4_e4b,248,baseline,0.0156,1.0,0.5078
gemma_4_e4b,249,baseline,0.0179,0.0,0.0089
gemma_4_e4b,250,baseline,0.0195,0.0,0.0097
gemma_4_e4b,251,baseline,0.013,0.0,0.0065
gemma_4_e4b,252,baseline,0.0364,0.0,0.0182
gemma_4_e4b,253,baseline,0.0247,0.0,0.0124
gemma_4_e4b,254,baseline,0.0156,0.0,0.0078
gemma_4_e4b,255,baseline,0.0188,0.0,0.0094
gemma_4_e4b,256,baseline,0.0215,0.0,0.0108
gemma_4_e4b,257,baseline,,,
gemma_4_e4b,258,baseline,0.0145,0.0,0.0072
gemma_4_e4b,259,baseline,0.0165,0.0,0.0082
gemma_4_e4b,260,baseline,,,
gemma_4_e4b,261,baseline,,,
gemma_4_e4b,262,baseline,0.0199,0.0,0.01
gemma_4_e4b,263,baseline,0.0284,0.0,0.0142
gemma_4_e4b,264,baseline,0.013,0.0,0.0065
gemma_4_e4b,265,baseline,,,
gemma_4_e4b,266,baseline,0.0258,0.0,0.0129
gemma_4_e4b,267,baseline,0.0156,0.0,0.0078
gemma_4_e4b,268,baseline,0.0137,0.0,0.0068
gemma_4_e4b,269,baseline,0.0201,1.0,0.5101
gemma_4_e4b,270,baseline,0.0247,0.0,0.0124
gemma_4_e4b,271,baseline,0.0156,0.0,0.0078
gemma_4_e4b,272,baseline,0.0241,0.5,0.2621
gemma_4_e4b,273,baseline,0.3,1.0,0.65
gemma_4_e4b,274,baseline,0.0426,0.0,0.0213
gemma_4_e4b,275,baseline,0.0368,0.0,0.0184
gemma_4_e4b,276,baseline,0.0152,0.0,0.0076
gemma_4_e4b,277,baseline,0.0274,0.6667,0.347
gemma_4_e4b,278,baseline,0.0195,0.0,0.0098
gemma_4_e4b,279,baseline,0.0211,0.6667,0.3439
gemma_4_e4b,280,baseline,0.0218,0.0,0.0109
gemma_4_e4b,281,baseline,0.0149,0.0,0.0075
gemma_4_e4b,282,baseline,,,
gemma_4_e4b,283,baseline,0.0208,0.5,0.2604
gemma_4_e4b,284,baseline,0.0159,0.0,0.008
gemma_4_e4b,285,baseline,0.0211,0.5,0.2605
gemma_4_e4b,286,baseline,0.0231,1.0,0.5115
gemma_4_e4b,287,baseline,0.0195,0.0,0.0098
gemma_4_e4b,288,baseline,0.0186,0.0,0.0093
gemma_4_e4b,289,baseline,0.0115,0.0,0.0057
gemma_4_e4b,290,baseline,0.0301,0.6667,0.3484
gemma_4_e4b,291,baseline,0.0174,0.0,0.0087
gemma_4_e4b,292,baseline,0.0205,0.0,0.0103
gemma_4_e4b,293,baseline,0.0195,0.0,0.0098
gemma_4_e4b,294,baseline,0.0232,0.0,0.0116
gemma_4_e4b,295,baseline,0.0198,0.0,0.0099
gemma_4_e4b,296,baseline,,,
gemma_4_e4b,297,baseline,,,
gemma_4_e4b,298,baseline,0.0239,0.5,0.262
gemma_4_e4b,299,baseline,,,
gemma_4_e4b,300,baseline,0.0199,0.0,0.0099
gemma_4_e4b,301,baseline,0.019,0.0,0.0095
gemma_4_e4b,302,baseline,,,
gemma_4_e4b,303,baseline,,,
gemma_4_e4b,304,baseline,0.0117,0.0,0.0059
gemma_4_e4b,305,baseline,0.0208,0.0,0.0104
gemma_4_e4b,306,baseline,0.0106,0.0,0.0053
gemma_4_e4b,307,baseline,0.0101,0.0,0.0051
gemma_4_e4b,308,baseline,,,
gemma_4_e4b,309,baseline,0.0232,0.6667,0.3449
gemma_4_e4b,310,baseline,0.0133,0.0,0.0067
gemma_4_e4b,311,baseline,,,
gemma_4_e4b,312,baseline,0.0193,0.0,0.0096
gemma_4_e4b,313,baseline,,,
gemma_4_e4b,314,baseline,,,
gemma_4_e4b,315,baseline,0.0257,0.0,0.0128
gemma_4_e4b,316,baseline,0.0195,0.0,0.0098
gemma_4_e4b,317,baseline,,,
gemma_4_e4b,318,baseline,0.0518,0.0,0.0259
gemma_4_e4b,319,baseline,0.0195,0.0,0.0098
gemma_4_e4b,320,baseline,0.0537,0.0,0.0269
gemma_4_e4b,321,baseline,0.0205,0.0,0.0102
gemma_4_e4b,322,baseline,0.0327,0.0,0.0163
gemma_4_e4b,323,baseline,,,
gemma_4_e4b,324,baseline,0.0171,0.0,0.0085
gemma_4_e4b,325,baseline,,,
gemma_4_e4b,326,baseline,,,
gemma_4_e4b,327,baseline,0.0145,0.0,0.0073
gemma_4_e4b,328,baseline,0.0341,0.0,0.017
gemma_4_e4b,329,baseline,0.0418,0.0,0.0209
gemma_4_e4b,330,baseline,0.0193,0.5,0.2597
gemma_4_e4b,331,baseline,0.0211,0.6667,0.3439
gemma_4_e4b,332,baseline,0.02,0.5,0.26
gemma_4_e4b,333,baseline,,,
gemma_4_e4b,334,baseline,,,
gemma_4_e4b,335,baseline,0.0602,0.0,0.0301
gemma_4_e4b,336,baseline,0.029,0.0,0.0145
gemma_4_e4b,337,baseline,,,
gemma_4_e4b,338,baseline,,,
gemma_4_e4b,339,baseline,0.0888,0.0,0.0444
gemma_4_e4b,340,baseline,0.0272,0.0,0.0136
gemma_4_e4b,341,baseline,,,
gemma_4_e4b,342,baseline,0.0234,0.0,0.0117
gemma_4_e4b,343,baseline,0.0342,0.0,0.0171
gemma_4_e4b,344,baseline,0.0034,0.0,0.0017
gemma_4_e4b,345,baseline,0.3975,0.0333,0.2154
gemma_4_e4b,346,baseline,0.0221,0.0,0.0111
gemma_4_e4b,347,baseline,,,
gemma_4_e4b,348,baseline,0.0174,0.0,0.0087
gemma_4_e4b,349,baseline,,,
gemma_4_e4b,350,baseline,0.1615,0.0,0.0807
gemma_4_e4b,351,baseline,0.1918,0.0,0.0959
gemma_4_e4b,352,baseline,0.0026,0.0,0.0013
gemma_4_e4b,353,baseline,0.1762,0.0,0.0881
gemma_4_e4b,354,baseline,,,
gemma_4_e4b,355,baseline,0.9679,0.0,0.4839
gemma_4_e4b,356,baseline,0.026,0.0,0.013
gemma_4_e4b,357,baseline,0.0302,0.0,0.0151
gemma_4_e4b,358,baseline,0.0216,0.0,0.0108
gemma_4_e4b,359,baseline,,,
gemma_4_e4b,360,baseline,,,
gemma_4_e4b,361,baseline,0.0408,0.0,0.0204
gemma_4_e4b,362,baseline,0.0965,0.0,0.0482
gemma_4_e4b,363,baseline,0.0453,0.0,0.0227
gemma_4_e4b,364,baseline,0.0148,0.0,0.0074
gemma_4_e4b,365,baseline,,,
gemma_4_e4b,366,baseline,0.0234,0.0,0.0117
gemma_4_e4b,367,baseline,,,
gemma_4_e4b,368,baseline,0.9199,0.0,0.46
gemma_4_e4b,369,baseline,0.0603,0.0,0.0302
gemma_4_e4b,370,baseline,0.1227,0.0,0.0614
gemma_4_e4b,371,baseline,0.022,0.0,0.011
gemma_4_e4b,372,baseline,0.0186,0.0,0.0093
gemma_4_e4b,373,baseline,,,
gemma_4_e4b,374,baseline,0.0149,0.0,0.0075
gemma_4_e4b,375,baseline,0.0351,0.0,0.0176
gemma_4_e4b,376,baseline,0.0231,0.0,0.0115
gemma_4_e4b,377,baseline,0.7857,0.0,0.3929
gemma_4_e4b,378,baseline,0.0217,0.0,0.0109
gemma_4_e4b,379,baseline,0.0293,0.0,0.0146
gemma_4_e4b,380,baseline,0.0034,0.0,0.0017
gemma_4_e4b,381,baseline,0.0273,0.0,0.0137
gemma_4_e4b,382,baseline,0.1342,0.0,0.0671
gemma_4_e4b,383,baseline,0.1667,0.0,0.0833
gemma_4_e4b,384,baseline,,,
gemma_4_e4b,385,baseline,0.1408,0.0,0.0704
gemma_4_e4b,386,baseline,0.5599,0.0,0.2799
gemma_4_e4b,387,baseline,0.0203,0.0,0.0101
gemma_4_e4b,388,baseline,,,
gemma_4_e4b,389,baseline,0.0254,0.0,0.0127
gemma_4_e4b,390,baseline,0.0727,0.0,0.0364
gemma_4_e4b,391,baseline,0.0298,0.0,0.0149
gemma_4_e4b,392,baseline,0.0207,0.0,0.0104
gemma_4_e4b,393,baseline,,,
gemma_4_e4b,394,baseline,0.072,0.0769,0.0745
gemma_4_e4b,395,baseline,0.0791,0.0,0.0396
gemma_4_e4b,396,baseline,,,
gemma_4_e4b,397,baseline,0.0258,0.0,0.0129
gemma_4_e4b,398,baseline,0.0203,0.0,0.0101
gemma_4_e4b,399,baseline,0.0244,0.0,0.0122
gemma_4_e4b,400,baseline,0.0187,0.0,0.0093
gemma_4_e4b,401,baseline,,,
gemma_4_e4b,402,baseline,0.0283,0.0,0.0142
gemma_4_e4b,403,baseline,0.0156,0.0,0.0078
gemma_4_e4b,404,baseline,0.0146,0.0,0.0073
gemma_4_e4b,405,baseline,0.0167,0.0,0.0083
gemma_4_e4b,406,baseline,0.0299,0.0,0.015
gemma_4_e4b,407,baseline,0.0262,0.0,0.0131
gemma_4_e4b,408,baseline,0.0176,0.0,0.0088
gemma_4_e4b,409,baseline,0.0218,0.0,0.0109
gemma_4_e4b,410,baseline,0.0185,0.0,0.0093
gemma_4_e4b,411,baseline,0.0167,0.0,0.0083
gemma_4_e4b,412,baseline,0.0122,0.0,0.0061
gemma_4_e4b,413,baseline,0.0222,0.0,0.0111
gemma_4_e4b,414,baseline,0.0168,0.0,0.0084
gemma_4_e4b,415,baseline,0.0185,0.0,0.0093
gemma_4_e4b,416,baseline,0.0225,0.0,0.0112
gemma_4_e4b,417,baseline,0.0158,0.0,0.0079
gemma_4_e4b,418,baseline,0.0524,0.0,0.0262
gemma_4_e4b,419,baseline,0.0146,0.0,0.0073
gemma_4_e4b,420,baseline,0.5357,0.0,0.2679
gemma_4_e4b,421,baseline,,,
gemma_4_e4b,422,baseline,0.0146,0.0,0.0073
gemma_4_e4b,423,baseline,0.0127,0.0,0.0063
gemma_4_e4b,424,baseline,0.0107,0.0,0.0053
gemma_4_e4b,425,baseline,0.0779,0.0,0.0389
gemma_4_e4b,426,baseline,0.0257,0.0,0.0128
gemma_4_e4b,427,baseline,,,
gemma_4_e4b,428,baseline,0.0219,0.0,0.0109
gemma_4_e4b,429,baseline,0.0568,0.0,0.0284
gemma_4_e4b,430,baseline,0.0098,0.0,0.0049
gemma_4_e4b,431,baseline,0.0246,0.0,0.0123
gemma_4_e4b,432,baseline,,,
gemma_4_e4b,433,baseline,0.0391,0.0,0.0195
gemma_4_e4b,434,baseline,0.0234,0.0,0.0117
gemma_4_e4b,435,baseline,0.0218,0.0,0.0109
gemma_4_e4b,436,baseline,0.0176,0.0,0.0088
gemma_4_e4b,437,baseline,0.0102,0.0,0.0051
gemma_4_e4b,438,baseline,0.0148,0.0,0.0074
gemma_4_e4b,439,baseline,0.0231,0.0,0.0115
gemma_4_e4b,440,baseline,0.0138,0.0,0.0069
gemma_4_e4b,441,baseline,0.0171,0.0,0.0085
gemma_4_e4b,442,baseline,0.0302,0.0,0.0151
gemma_4_e4b,443,baseline,0.0518,0.0,0.0259
gemma_4_e4b,444,baseline,0.0098,0.0,0.0049
gemma_4_e4b,445,baseline,0.0364,0.0,0.0182
gemma_4_e4b,446,baseline,0.0271,0.0,0.0136
gemma_4_e4b,447,baseline,0.0167,0.0,0.0083
gemma_4_e4b,448,baseline,0.0156,0.0,0.0078
gemma_4_e4b,449,baseline,,,
gemma_4_e4b,450,baseline,0.0179,0.0,0.0089
gemma_4_e4b,451,baseline,0.0107,0.0,0.0053
gemma_4_e4b,452,baseline,0.0171,0.0,0.0085
gemma_4_e4b,453,baseline,0.0309,0.0,0.0154
gemma_4_e4b,454,baseline,0.0117,0.0,0.0059
gemma_4_e4b,455,baseline,0.0175,0.0,0.0087
gemma_4_e4b,456,baseline,0.0352,0.0,0.0176
gemma_4_e4b,457,baseline,0.849,0.0,0.4245
gemma_4_e4b,458,baseline,0.0281,0.0,0.0141
gemma_4_e4b,459,baseline,,,
gemma_4_e4b,460,baseline,0.0342,0.0,0.0171
gemma_4_e4b,461,baseline,0.0117,0.0,0.0059
gemma_4_e4b,462,baseline,0.0183,0.0,0.0091
gemma_4_e4b,463,baseline,0.0249,0.0,0.0124
gemma_4_e4b,464,baseline,0.0135,0.0,0.0068
gemma_4_e4b,465,baseline,0.0319,0.0,0.0159
gemma_4_e4b,466,baseline,0.041,0.0,0.0205
gemma_4_e4b,467,baseline,0.011,0.0,0.0055
gemma_4_e4b,468,baseline,,,
gemma_4_e4b,469,baseline,0.0221,0.0,0.0111
gemma_4_e4b,470,baseline,0.4271,0.0,0.2136
gemma_4_e4b,471,baseline,0.014,0.0,0.007
gemma_4_e4b,472,baseline,0.273,0.0,0.1365
gemma_4_e4b,473,baseline,0.0152,0.0,0.0076
gemma_4_e4b,474,baseline,0.0317,0.0,0.0159
gemma_4_e4b,475,baseline,0.0249,0.0,0.0124
gemma_4_e4b,476,baseline,0.0161,0.0,0.0081
gemma_4_e4b,477,baseline,0.0396,0.0,0.0198
gemma_4_e4b,478,baseline,0.4677,0.0238,0.2458
gemma_4_e4b,479,baseline,0.0205,0.0,0.0103
gemma_4_e4b,480,baseline,0.0565,0.0,0.0283
gemma_4_e4b,481,baseline,,,
gemma_4_e4b,482,baseline,,,
gemma_4_e4b,483,baseline,0.0127,0.0,0.0064
gemma_4_e4b,484,baseline,0.7368,0.0,0.3684
gemma_4_e4b,485,baseline,0.018,0.0,0.009
gemma_4_e4b,486,baseline,0.0244,0.3333,0.1789
gemma_4_e4b,487,baseline,0.2871,0.0,0.1436
gemma_4_e4b,488,baseline,0.0215,0.0,0.0107
gemma_4_e4b,489,baseline,,,
gemma_4_e4b,490,baseline,0.0169,0.0,0.0084
gemma_4_e4b,491,baseline,0.0255,0.0,0.0128
gemma_4_e4b,492,baseline,0.0232,1.0,0.5116
gemma_4_e4b,493,baseline,0.0301,0.0,0.015
gemma_4_e4b,494,baseline,0.0223,0.3333,0.1778
gemma_4_e4b,495,baseline,0.0115,0.0,0.0057
gemma_4_e4b,496,baseline,0.0215,0.0,0.0107
gemma_4_e4b,497,baseline,0.0152,0.0,0.0076
gemma_4_e4b,498,baseline,0.0254,0.0,0.0127
gemma_4_e4b,499,baseline,0.0146,0.0,0.0073
gemma_4_e4b,500,baseline,0.0174,0.0,0.0087
gemma_4_e4b,501,baseline,0.019,0.0,0.0095
gemma_4_e4b,502,baseline,,,
gemma_4_e4b,503,baseline,0.0156,0.0,0.0078
gemma_4_e4b,504,baseline,0.009,0.0,0.0045
gemma_4_e4b,505,baseline,,,
gemma_4_e4b,506,baseline,,,
gemma_4_e4b,507,baseline,0.0329,0.0,0.0165
gemma_4_e4b,508,baseline,0.0096,0.25,0.1298
gemma_4_e4b,509,baseline,,,
gemma_4_e4b,510,baseline,,,
gemma_4_e4b,511,baseline,0.0239,0.0,0.0119
gemma_4_e4b,512,baseline,0.0193,0.0,0.0096
gemma_4_e4b,513,baseline,0.0078,0.0,0.0039
gemma_4_e4b,514,baseline,0.0102,0.25,0.1301
gemma_4_e4b,515,baseline,0.044,0.0,0.022
gemma_4_e4b,516,baseline,0.0195,0.5,0.2598
gemma_4_e4b,517,baseline,,,
gemma_4_e4b,518,baseline,,,
gemma_4_e4b,519,baseline,0.0194,0.0,0.0097
gemma_4_e4b,520,baseline,,,
gemma_4_e4b,521,baseline,0.0172,0.0,0.0086
gemma_4_e4b,522,baseline,0.0195,0.0,0.0098
gemma_4_e4b,523,baseline,,,
gemma_4_e4b,524,baseline,0.0234,0.0,0.0117
gemma_4_e4b,525,baseline,0.0215,0.0,0.0107
gemma_4_e4b,526,baseline,,,
gemma_4_e4b,527,baseline,0.0143,0.0,0.0071
gemma_4_e4b,528,baseline,0.03,0.0,0.015
gemma_4_e4b,529,baseline,0.0288,0.0,0.0144
gemma_4_e4b,530,baseline,0.0193,0.5,0.2597
gemma_4_e4b,531,baseline,,,
gemma_4_e4b,532,baseline,0.0229,0.6667,0.3448
gemma_4_e4b,533,baseline,0.0281,0.0,0.0141
gemma_4_e4b,534,baseline,,,
gemma_4_e4b,535,baseline,0.0602,0.0,0.0301
gemma_4_e4b,536,baseline,0.0214,0.0,0.0107
gemma_4_e4b,537,baseline,0.1102,0.0,0.0551
gemma_4_e4b,538,baseline,0.0249,0.0,0.0124
gemma_4_e4b,539,baseline,0.0276,0.0,0.0138
gemma_4_e4b,540,baseline,0.0272,0.0,0.0136
gemma_4_e4b,541,baseline,0.0265,0.0,0.0133
gemma_4_e4b,542,baseline,0.0232,0.0,0.0116
gemma_4_e4b,543,baseline,0.2105,0.0,0.1053
gemma_4_e4b,544,baseline,0.0203,0.0,0.0102
gemma_4_e4b,545,baseline,,,
gemma_4_e4b,546,baseline,0.0181,0.0,0.0091
gemma_4_e4b,547,baseline,0.1098,0.0,0.0549
gemma_4_e4b,548,baseline,0.0151,0.0,0.0076
gemma_4_e4b,549,baseline,0.0382,0.0,0.0191
gemma_4_e4b,550,baseline,0.1612,0.0,0.0806
gemma_4_e4b,551,baseline,0.0261,0.0,0.0131
gemma_4_e4b,552,baseline,0.0039,0.0,0.0019
gemma_4_e4b,553,baseline,,,
gemma_4_e4b,554,baseline,0.0804,0.0,0.0402
gemma_4_e4b,555,baseline,0.401,0.0,0.2005
gemma_4_e4b,556,baseline,0.0887,0.0,0.0444
gemma_4_e4b,557,baseline,0.3788,0.0,0.1894
gemma_4_e4b,558,baseline,,,
gemma_4_e4b,559,baseline,0.4891,0.0,0.2446
gemma_4_e4b,560,baseline,0.0218,0.0,0.0109
gemma_4_e4b,561,baseline,0.0511,0.0,0.0256
gemma_4_e4b,562,baseline,0.0215,0.0,0.0108
gemma_4_e4b,563,baseline,0.043,0.0,0.0215
gemma_4_e4b,564,baseline,0.1255,0.0,0.0628
gemma_4_e4b,565,baseline,0.9046,0.0,0.4523
gemma_4_e4b,566,baseline,0.2321,0.0,0.116
gemma_4_e4b,567,baseline,0.561,0.0,0.2805
gemma_4_e4b,568,baseline,0.9516,0.0,0.4758
gemma_4_e4b,569,baseline,0.0455,0.0,0.0227
gemma_4_e4b,570,baseline,0.0307,0.0,0.0154
gemma_4_e4b,571,baseline,0.0195,0.0,0.0098
gemma_4_e4b,572,baseline,0.0216,0.0,0.0108
gemma_4_e4b,573,baseline,0.0215,0.0,0.0107
gemma_4_e4b,574,baseline,0.0103,0.0,0.0051
gemma_4_e4b,575,baseline,0.0351,0.0,0.0176
gemma_4_e4b,576,baseline,0.9286,0.0,0.4643
gemma_4_e4b,577,baseline,0.9219,0.0,0.4609
gemma_4_e4b,578,baseline,0.0235,0.0,0.0117
gemma_4_e4b,579,baseline,0.0448,0.0,0.0224
gemma_4_e4b,580,baseline,,,
gemma_4_e4b,581,baseline,0.0771,0.0,0.0386
gemma_4_e4b,582,baseline,0.6224,0.0,0.3112
gemma_4_e4b,583,baseline,0.1778,0.0,0.0889
gemma_4_e4b,584,baseline,0.0412,0.0,0.0206
gemma_4_e4b,585,baseline,0.0938,0.0,0.0469
gemma_4_e4b,586,baseline,0.9258,0.0,0.4629
gemma_4_e4b,587,baseline,0.0253,0.0,0.0127
gemma_4_e4b,588,baseline,0.167,0.0,0.0835
gemma_4_e4b,589,baseline,0.1054,0.0,0.0527
gemma_4_e4b,590,baseline,0.0195,0.0,0.0098
gemma_4_e4b,591,baseline,0.0264,0.0,0.0132
gemma_4_e4b,592,baseline,0.0232,0.0,0.0116
gemma_4_e4b,593,baseline,0.0247,0.0,0.0124
gemma_4_e4b,594,baseline,,,
gemma_4_e4b,595,baseline,0.019,0.0,0.0095
gemma_4_e4b,596,baseline,0.0209,0.0,0.0104
gemma_4_e4b,597,baseline,0.024,0.0,0.012
gemma_4_e4b,598,baseline,0.0176,0.0,0.0088
gemma_4_e4b,599,baseline,,,
gemma_4_e4b,600,storytelling,0.3574,0.0,0.1787
gemma_4_e4b,601,storytelling,0.9457,0.0,0.4729
gemma_4_e4b,602,storytelling,0.9716,0.0,0.4858
gemma_4_e4b,603,storytelling,0.3984,0.0,0.1992
gemma_4_e4b,604,storytelling,0.9785,0.0,0.4892
gemma_4_e4b,605,storytelling,0.8303,0.0,0.4151
gemma_4_e4b,606,storytelling,0.9106,0.0,0.4553
gemma_4_e4b,607,storytelling,0.5498,0.0,0.2749
gemma_4_e4b,608,storytelling,0.8673,0.0,0.4337
gemma_4_e4b,609,storytelling,0.9216,0.0,0.4608
gemma_4_e4b,610,storytelling,0.9545,0.0,0.4772
gemma_4_e4b,611,storytelling,0.9428,0.0,0.4714
gemma_4_e4b,612,storytelling,0.8485,0.0,0.4242
gemma_4_e4b,613,storytelling,0.9486,0.0101,0.4794
gemma_4_e4b,614,storytelling,0.7793,0.0,0.3897
gemma_4_e4b,615,storytelling,0.615,0.0,0.3075
gemma_4_e4b,616,storytelling,0.8834,0.0,0.4417
gemma_4_e4b,617,storytelling,0.6145,0.0,0.3072
gemma_4_e4b,618,storytelling,0.9448,0.0,0.4724
gemma_4_e4b,619,storytelling,0.7771,0.0,0.3886
gemma_4_e4b,620,storytelling,0.927,0.0,0.4635
gemma_4_e4b,621,storytelling,0.885,0.0112,0.4481
gemma_4_e4b,622,storytelling,0.9353,0.0,0.4677
gemma_4_e4b,623,storytelling,0.9414,0.0,0.4707
gemma_4_e4b,624,storytelling,0.971,0.0,0.4855
gemma_4_e4b,625,storytelling,0.9512,0.0,0.4756
gemma_4_e4b,626,storytelling,0.8876,0.0,0.4438
gemma_4_e4b,627,storytelling,0.3734,0.0,0.1867
gemma_4_e4b,628,storytelling,0.9168,0.0,0.4584
gemma_4_e4b,629,storytelling,0.7703,0.0114,0.3908
gemma_4_e4b,630,storytelling,0.9901,0.0112,0.5007
gemma_4_e4b,631,storytelling,0.9124,0.0,0.4562
gemma_4_e4b,632,storytelling,0.8297,0.0,0.4149
gemma_4_e4b,633,storytelling,0.9605,0.0,0.4803
gemma_4_e4b,634,storytelling,0.8275,0.0,0.4138
gemma_4_e4b,635,storytelling,0.887,0.0123,0.4497
gemma_4_e4b,636,storytelling,0.9414,0.0,0.4707
gemma_4_e4b,637,storytelling,0.9958,0.0,0.4979
gemma_4_e4b,638,storytelling,0.9403,0.0102,0.4753
gemma_4_e4b,639,storytelling,0.8672,0.0,0.4336
gemma_4_e4b,640,storytelling,0.9491,0.0,0.4746
gemma_4_e4b,641,storytelling,0.8068,0.0,0.4034
gemma_4_e4b,642,storytelling,0.7667,0.0,0.3834
gemma_4_e4b,643,storytelling,0.8986,0.0,0.4493
gemma_4_e4b,644,storytelling,0.8871,0.0,0.4436
gemma_4_e4b,645,storytelling,0.9816,0.0,0.4908
gemma_4_e4b,646,storytelling,0.854,0.0119,0.433
gemma_4_e4b,647,storytelling,0.9439,0.0,0.472
gemma_4_e4b,648,storytelling,0.8024,0.0,0.4012
gemma_4_e4b,649,storytelling,0.9739,0.0,0.487
gemma_4_e4b,650,storytelling,0.9417,0.0,0.4709
gemma_4_e4b,651,storytelling,0.9365,0.0,0.4682
gemma_4_e4b,652,storytelling,0.8321,0.0106,0.4214
gemma_4_e4b,653,storytelling,0.8997,0.0,0.4498
gemma_4_e4b,654,storytelling,0.968,0.0,0.484
gemma_4_e4b,655,storytelling,0.3899,0.0,0.195
gemma_4_e4b,656,storytelling,0.8772,0.0,0.4386
gemma_4_e4b,657,storytelling,0.9234,0.0,0.4617
gemma_4_e4b,658,storytelling,0.6882,0.0,0.3441
gemma_4_e4b,659,storytelling,0.8641,0.0,0.432
gemma_4_e4b,660,storytelling,0.9391,0.0118,0.4754
gemma_4_e4b,661,storytelling,0.8908,0.0,0.4454
gemma_4_e4b,662,storytelling,0.8855,0.0,0.4428
gemma_4_e4b,663,storytelling,0.8725,0.0,0.4363
gemma_4_e4b,664,storytelling,0.8904,0.0,0.4452
gemma_4_e4b,665,storytelling,0.8763,0.0,0.4381
gemma_4_e4b,666,storytelling,0.8987,0.0,0.4494
gemma_4_e4b,667,storytelling,0.8383,0.0,0.4191
gemma_4_e4b,668,storytelling,0.9082,0.0106,0.4594
gemma_4_e4b,669,storytelling,0.9331,0.011,0.472
gemma_4_e4b,670,storytelling,0.8898,0.0238,0.4568
gemma_4_e4b,671,storytelling,0.584,0.0,0.292
gemma_4_e4b,672,storytelling,0.675,0.0337,0.3544
gemma_4_e4b,673,storytelling,0.9525,0.022,0.4872
gemma_4_e4b,674,storytelling,0.8555,0.022,0.4387
gemma_4_e4b,675,storytelling,0.8229,0.0,0.4115
gemma_4_e4b,676,storytelling,0.8155,0.0,0.4077
gemma_4_e4b,677,storytelling,0.8717,0.0215,0.4466
gemma_4_e4b,678,storytelling,0.8579,0.0217,0.4398
gemma_4_e4b,679,storytelling,0.9142,0.0238,0.469
gemma_4_e4b,680,storytelling,0.9656,0.0227,0.4941
gemma_4_e4b,681,storytelling,0.8856,0.0,0.4428
gemma_4_e4b,682,storytelling,0.8194,0.0211,0.4202
gemma_4_e4b,683,storytelling,0.5458,0.0,0.2729
gemma_4_e4b,684,storytelling,0.7185,0.0,0.3593
gemma_4_e4b,685,storytelling,0.9892,0.0,0.4946
gemma_4_e4b,686,storytelling,0.9059,0.0125,0.4592
gemma_4_e4b,687,storytelling,0.8224,0.0,0.4112
gemma_4_e4b,688,storytelling,0.9851,0.0118,0.4985
gemma_4_e4b,689,storytelling,0.7915,0.0,0.3958
gemma_4_e4b,690,storytelling,0.8959,0.0,0.4479
gemma_4_e4b,691,storytelling,0.77,0.0,0.385
gemma_4_e4b,692,storytelling,0.9742,0.0116,0.4929
gemma_4_e4b,693,storytelling,0.8573,0.0225,0.4399
gemma_4_e4b,694,storytelling,0.8631,0.0,0.4315
gemma_4_e4b,695,storytelling,0.9908,0.0,0.4954
gemma_4_e4b,696,storytelling,0.9064,0.0,0.4532
gemma_4_e4b,697,storytelling,0.9216,0.0,0.4608
gemma_4_e4b,698,storytelling,0.9076,0.0,0.4538
gemma_4_e4b,699,storytelling,0.9316,0.0723,0.502
gemma_4_e4b,700,storytelling,0.5776,0.0,0.2888
gemma_4_e4b,701,storytelling,0.9373,0.0,0.4686
gemma_4_e4b,702,storytelling,0.5756,0.0,0.2878
gemma_4_e4b,703,storytelling,0.972,0.0111,0.4916
gemma_4_e4b,704,storytelling,0.9522,0.0,0.4761
gemma_4_e4b,705,storytelling,0.8618,0.0,0.4309
gemma_4_e4b,706,storytelling,0.9833,0.0,0.4917
gemma_4_e4b,707,storytelling,0.7964,0.0,0.3982
gemma_4_e4b,708,storytelling,0.7066,0.0,0.3533
gemma_4_e4b,709,storytelling,0.9237,0.0,0.4618
gemma_4_e4b,710,storytelling,0.8712,0.0,0.4356
gemma_4_e4b,711,storytelling,0.9692,0.0,0.4846
gemma_4_e4b,712,storytelling,0.883,0.0,0.4415
gemma_4_e4b,713,storytelling,0.9185,0.0222,0.4703
gemma_4_e4b,714,storytelling,0.8924,0.0,0.4462
gemma_4_e4b,715,storytelling,0.8472,0.0,0.4236
gemma_4_e4b,716,storytelling,0.9449,0.0118,0.4783
gemma_4_e4b,717,storytelling,0.9014,0.0,0.4507
gemma_4_e4b,718,storytelling,0.9475,0.0213,0.4844
gemma_4_e4b,719,storytelling,0.9027,0.0,0.4514
gemma_4_e4b,720,storytelling,0.8737,0.0222,0.4479
gemma_4_e4b,721,storytelling,0.8907,0.0706,0.4806
gemma_4_e4b,722,storytelling,0.9323,0.0206,0.4764
gemma_4_e4b,723,storytelling,0.9026,0.0,0.4513
gemma_4_e4b,724,storytelling,0.9262,0.0,0.4631
gemma_4_e4b,725,storytelling,0.8811,0.0,0.4405
gemma_4_e4b,726,storytelling,0.981,0.0,0.4905
gemma_4_e4b,727,storytelling,0.8749,0.0,0.4374
gemma_4_e4b,728,storytelling,0.9353,0.0215,0.4784
gemma_4_e4b,729,storytelling,0.8333,0.0,0.4167
gemma_4_e4b,730,storytelling,0.8708,0.0105,0.4406
gemma_4_e4b,731,storytelling,0.5661,0.0,0.2831
gemma_4_e4b,732,storytelling,0.8285,0.0215,0.425
gemma_4_e4b,733,storytelling,0.8904,0.0217,0.4561
gemma_4_e4b,734,storytelling,0.885,0.0,0.4425
gemma_4_e4b,735,storytelling,0.8975,0.0,0.4488
gemma_4_e4b,736,storytelling,0.8875,0.0,0.4437
gemma_4_e4b,737,storytelling,0.5606,0.0,0.2803
gemma_4_e4b,738,storytelling,0.9919,0.0,0.4959
gemma_4_e4b,739,storytelling,0.3693,0.0,0.1846
gemma_4_e4b,740,storytelling,0.9164,0.0,0.4582
gemma_4_e4b,741,storytelling,0.3793,0.0,0.1897
gemma_4_e4b,742,storytelling,0.8606,0.0,0.4303
gemma_4_e4b,743,storytelling,0.9014,0.0104,0.4559
gemma_4_e4b,744,storytelling,0.961,0.0112,0.4861
gemma_4_e4b,745,storytelling,0.3307,0.0,0.1654
gemma_4_e4b,746,storytelling,0.3742,0.0,0.1871
gemma_4_e4b,747,storytelling,0.2266,0.0,0.1133
gemma_4_e4b,748,storytelling,0.954,0.0,0.477
gemma_4_e4b,749,storytelling,0.3614,0.0,0.1807
gemma_4_e4b,750,storytelling,0.7711,0.0,0.3855
gemma_4_e4b,751,storytelling,0.9066,0.0,0.4533
gemma_4_e4b,752,storytelling,0.5663,0.0,0.2831
gemma_4_e4b,753,storytelling,0.4153,0.0,0.2077
gemma_4_e4b,754,storytelling,0.8732,0.0101,0.4416
gemma_4_e4b,755,storytelling,0.9273,0.0132,0.4702
gemma_4_e4b,756,storytelling,0.9831,0.0,0.4915
gemma_4_e4b,757,storytelling,0.9151,0.0,0.4576
gemma_4_e4b,758,storytelling,0.9917,0.0,0.4959
gemma_4_e4b,759,storytelling,0.8128,0.0,0.4064
gemma_4_e4b,760,storytelling,0.9351,0.0,0.4676
gemma_4_e4b,761,storytelling,0.3536,0.0,0.1768
gemma_4_e4b,762,storytelling,0.9332,0.0,0.4666
gemma_4_e4b,763,storytelling,0.7355,0.0112,0.3734
gemma_4_e4b,764,storytelling,0.951,0.0112,0.4811
gemma_4_e4b,765,storytelling,0.8808,0.0,0.4404
gemma_4_e4b,766,storytelling,0.9627,0.0,0.4814
gemma_4_e4b,767,storytelling,0.3973,0.0,0.1986
gemma_4_e4b,768,storytelling,0.9535,0.0,0.4768
gemma_4_e4b,769,storytelling,0.9513,0.0,0.4756
gemma_4_e4b,770,storytelling,0.3119,0.0,0.1559
gemma_4_e4b,771,storytelling,0.6263,0.0,0.3132
gemma_4_e4b,772,storytelling,0.9458,0.01,0.4779
gemma_4_e4b,773,storytelling,0.9395,0.0,0.4697
gemma_4_e4b,774,storytelling,0.9522,0.0,0.4761
gemma_4_e4b,775,storytelling,0.3764,0.0,0.1882
gemma_4_e4b,776,storytelling,0.9368,0.0106,0.4737
gemma_4_e4b,777,storytelling,0.8841,0.0,0.4421
gemma_4_e4b,778,storytelling,0.3622,0.0,0.1811
gemma_4_e4b,779,storytelling,0.5692,0.0,0.2846
gemma_4_e4b,780,storytelling,0.9313,0.0,0.4656
gemma_4_e4b,781,storytelling,0.922,0.0,0.461
gemma_4_e4b,782,storytelling,0.3513,0.0,0.1757
gemma_4_e4b,783,storytelling,0.3643,0.0,0.1821
gemma_4_e4b,784,storytelling,0.9046,0.0,0.4523
gemma_4_e4b,785,storytelling,0.8758,0.0,0.4379
gemma_4_e4b,786,storytelling,0.8421,0.0,0.4211
gemma_4_e4b,787,storytelling,0.8519,0.0,0.4259
gemma_4_e4b,788,storytelling,0.9109,0.011,0.461
gemma_4_e4b,789,storytelling,0.8645,0.0,0.4323
gemma_4_e4b,790,storytelling,0.9941,0.0,0.4971
gemma_4_e4b,791,storytelling,0.8803,0.0,0.4401
gemma_4_e4b,792,storytelling,0.8786,0.0,0.4393
gemma_4_e4b,793,storytelling,0.3792,0.0,0.1896
gemma_4_e4b,794,storytelling,0.3847,0.0,0.1923
gemma_4_e4b,795,storytelling,0.3342,0.0,0.1671
gemma_4_e4b,796,storytelling,0.8591,0.0,0.4295
gemma_4_e4b,797,storytelling,0.9143,0.0,0.4571
gemma_4_e4b,798,storytelling,0.38,0.0,0.19
gemma_4_e4b,799,storytelling,0.8663,0.0,0.4332
gemma_4_e4b,800,storytelling,0.3625,0.0,0.1812
gemma_4_e4b,801,storytelling,0.3499,0.0,0.1749
gemma_4_e4b,802,storytelling,0.4776,0.0,0.2388
gemma_4_e4b,803,storytelling,0.017,0.0,0.0085
gemma_4_e4b,804,storytelling,0.3829,0.0,0.1914
gemma_4_e4b,805,storytelling,0.4058,0.0072,0.2065
gemma_4_e4b,806,storytelling,0.8315,0.0127,0.4221
gemma_4_e4b,807,storytelling,0.4004,0.006,0.2032
gemma_4_e4b,808,storytelling,0.0156,0.0,0.0078
gemma_4_e4b,809,storytelling,0.364,0.0064,0.1852
gemma_4_e4b,810,storytelling,0.4862,0.0066,0.2464
gemma_4_e4b,811,storytelling,0.444,0.0065,0.2252
gemma_4_e4b,812,storytelling,0.379,0.0,0.1895
gemma_4_e4b,813,storytelling,0.331,0.0,0.1655
gemma_4_e4b,814,storytelling,0.3383,0.0,0.1692
gemma_4_e4b,815,storytelling,0.4983,0.0,0.2491
gemma_4_e4b,816,storytelling,,,
gemma_4_e4b,817,storytelling,0.3906,0.0061,0.1984
gemma_4_e4b,818,storytelling,0.4407,0.0064,0.2235
gemma_4_e4b,819,storytelling,0.3314,0.0,0.1657
gemma_4_e4b,820,storytelling,,,
gemma_4_e4b,821,storytelling,0.375,0.0,0.1875
gemma_4_e4b,822,storytelling,0.4217,0.0058,0.2138
gemma_4_e4b,823,storytelling,0.4921,0.0,0.246
gemma_4_e4b,824,storytelling,0.3761,0.0059,0.191
gemma_4_e4b,825,storytelling,0.5323,0.0,0.2661
gemma_4_e4b,826,storytelling,0.4281,0.0065,0.2173
gemma_4_e4b,827,storytelling,0.3218,0.0,0.1609
gemma_4_e4b,828,storytelling,0.3594,0.0,0.1797
gemma_4_e4b,829,storytelling,0.3534,0.0068,0.1801
gemma_4_e4b,830,storytelling,0.6884,0.0,0.3442
gemma_4_e4b,831,storytelling,0.3729,0.0,0.1865
gemma_4_e4b,832,storytelling,,,
gemma_4_e4b,833,storytelling,0.4173,0.006,0.2116
gemma_4_e4b,834,storytelling,0.3457,0.0,0.1729
gemma_4_e4b,835,storytelling,0.4729,0.0,0.2365
gemma_4_e4b,836,storytelling,0.3995,0.0,0.1997
gemma_4_e4b,837,storytelling,0.3651,0.0,0.1826
gemma_4_e4b,838,storytelling,,,
gemma_4_e4b,839,storytelling,,,
gemma_4_e4b,840,storytelling,0.5683,0.0063,0.2873
gemma_4_e4b,841,storytelling,0.9497,0.0,0.4748
gemma_4_e4b,842,storytelling,0.4627,0.0,0.2314
gemma_4_e4b,843,storytelling,,,
gemma_4_e4b,844,storytelling,0.3957,0.0,0.1978
gemma_4_e4b,845,storytelling,0.4088,0.0059,0.2073
gemma_4_e4b,846,storytelling,0.5252,0.0,0.2626
gemma_4_e4b,847,storytelling,0.3715,0.0,0.1858
gemma_4_e4b,848,storytelling,0.4408,0.0,0.2204
gemma_4_e4b,849,storytelling,0.3896,0.0,0.1948
gemma_4_e4b,850,storytelling,0.3945,0.006,0.2003
gemma_4_e4b,851,storytelling,0.3279,0.0,0.1639
gemma_4_e4b,852,storytelling,0.3695,0.0065,0.188
gemma_4_e4b,853,storytelling,0.3361,0.0064,0.1712
gemma_4_e4b,854,storytelling,0.4652,0.0063,0.2358
gemma_4_e4b,855,storytelling,,,
gemma_4_e4b,856,storytelling,0.464,0.0065,0.2352
gemma_4_e4b,857,storytelling,,,
gemma_4_e4b,858,storytelling,0.3868,0.0,0.1934
gemma_4_e4b,859,storytelling,0.3643,0.0,0.1821
gemma_4_e4b,860,storytelling,0.468,0.0064,0.2372
gemma_4_e4b,861,storytelling,0.361,0.0,0.1805
gemma_4_e4b,862,storytelling,0.9094,0.0,0.4547
gemma_4_e4b,863,storytelling,0.3388,0.0065,0.1726
gemma_4_e4b,864,storytelling,0.3279,0.0,0.164
gemma_4_e4b,865,storytelling,,,
gemma_4_e4b,866,storytelling,0.4311,0.0,0.2155
gemma_4_e4b,867,storytelling,0.3001,0.0,0.15
gemma_4_e4b,868,storytelling,0.3623,0.0,0.1812
gemma_4_e4b,869,storytelling,0.3877,0.0,0.1938
gemma_4_e4b,870,storytelling,0.4174,0.0,0.2087
gemma_4_e4b,871,storytelling,0.3814,0.0199,0.2006
gemma_4_e4b,872,storytelling,0.9038,0.0353,0.4695
gemma_4_e4b,873,storytelling,0.4227,0.0126,0.2177
gemma_4_e4b,874,storytelling,0.3704,0.0116,0.191
gemma_4_e4b,875,storytelling,0.3881,0.0,0.1941
gemma_4_e4b,876,storytelling,0.348,0.0,0.174
gemma_4_e4b,877,storytelling,0.3243,0.0,0.1621
gemma_4_e4b,878,storytelling,0.3946,0.0,0.1973
gemma_4_e4b,879,storytelling,0.3893,0.0059,0.1976
gemma_4_e4b,880,storytelling,0.3231,0.0,0.1615
gemma_4_e4b,881,storytelling,0.3698,0.0144,0.1921
gemma_4_e4b,882,storytelling,0.3771,0.0,0.1886
gemma_4_e4b,883,storytelling,0.3375,0.0,0.1687
gemma_4_e4b,884,storytelling,0.4684,0.0,0.2342
gemma_4_e4b,885,storytelling,0.3897,0.0,0.1948
gemma_4_e4b,886,storytelling,0.4025,0.0,0.2012
gemma_4_e4b,887,storytelling,0.3852,0.0126,0.1989
gemma_4_e4b,888,storytelling,0.0174,0.0,0.0087
gemma_4_e4b,889,storytelling,0.3871,0.0,0.1936
gemma_4_e4b,890,storytelling,0.0147,0.0,0.0074
gemma_4_e4b,891,storytelling,0.3266,0.0,0.1633
gemma_4_e4b,892,storytelling,0.4214,0.0129,0.2172
gemma_4_e4b,893,storytelling,0.5708,0.0,0.2854
gemma_4_e4b,894,storytelling,0.4709,0.0,0.2354
gemma_4_e4b,895,storytelling,0.3726,0.0,0.1863
gemma_4_e4b,896,storytelling,0.3955,0.0,0.1978
gemma_4_e4b,897,storytelling,,,
gemma_4_e4b,898,storytelling,0.3865,0.0,0.1932
gemma_4_e4b,899,storytelling,0.3828,0.0065,0.1947
gemma_4_e4b,900,storytelling,0.3237,0.0,0.1618
gemma_4_e4b,901,storytelling,0.4148,0.0065,0.2106
gemma_4_e4b,902,storytelling,0.387,0.0,0.1935
gemma_4_e4b,903,storytelling,0.3667,0.0,0.1833
gemma_4_e4b,904,storytelling,0.4224,0.0125,0.2175
gemma_4_e4b,905,storytelling,0.4708,0.0,0.2354
gemma_4_e4b,906,storytelling,0.3697,0.0,0.1849
gemma_4_e4b,907,storytelling,0.3304,0.0,0.1652
gemma_4_e4b,908,storytelling,0.3694,0.0,0.1847
gemma_4_e4b,909,storytelling,0.392,0.0,0.196
gemma_4_e4b,910,storytelling,0.8237,0.0,0.4119
gemma_4_e4b,911,storytelling,,,
gemma_4_e4b,912,storytelling,0.3356,0.0,0.1678
gemma_4_e4b,913,storytelling,0.4242,0.0,0.2121
gemma_4_e4b,914,storytelling,0.0198,0.0,0.0099
gemma_4_e4b,915,storytelling,0.3829,0.0,0.1914
gemma_4_e4b,916,storytelling,0.4545,0.0,0.2273
gemma_4_e4b,917,storytelling,,,
gemma_4_e4b,918,storytelling,0.4024,0.0,0.2012
gemma_4_e4b,919,storytelling,0.4625,0.0064,0.2344
gemma_4_e4b,920,storytelling,0.4531,0.0,0.2266
gemma_4_e4b,921,storytelling,0.2396,0.0,0.1198
gemma_4_e4b,922,storytelling,0.3722,0.0125,0.1923
gemma_4_e4b,923,storytelling,0.3265,0.0,0.1633
gemma_4_e4b,924,storytelling,0.3889,0.0133,0.2011
gemma_4_e4b,925,storytelling,0.4002,0.0,0.2001
gemma_4_e4b,926,storytelling,0.3797,0.0,0.1899
gemma_4_e4b,927,storytelling,0.351,0.0,0.1755
gemma_4_e4b,928,storytelling,0.4453,0.0,0.2226
gemma_4_e4b,929,storytelling,0.3266,0.0,0.1633
gemma_4_e4b,930,storytelling,0.4159,0.0,0.2079
gemma_4_e4b,931,storytelling,0.3743,0.0,0.1871
gemma_4_e4b,932,storytelling,0.3083,0.0,0.1542
gemma_4_e4b,933,storytelling,0.0198,0.0,0.0099
gemma_4_e4b,934,storytelling,0.3797,0.0,0.1898
gemma_4_e4b,935,storytelling,0.298,0.0,0.149
gemma_4_e4b,936,storytelling,0.3587,0.0,0.1794
gemma_4_e4b,937,storytelling,0.8287,0.0,0.4144
gemma_4_e4b,938,storytelling,0.335,0.0065,0.1707
gemma_4_e4b,939,storytelling,0.6583,0.0,0.3291
gemma_4_e4b,940,storytelling,0.3277,0.0128,0.1703
gemma_4_e4b,941,storytelling,0.3435,0.0,0.1717
gemma_4_e4b,942,storytelling,0.3429,0.0,0.1714
gemma_4_e4b,943,storytelling,0.8951,0.0,0.4475
gemma_4_e4b,944,storytelling,0.4115,0.0064,0.2089
gemma_4_e4b,945,storytelling,0.3329,0.0,0.1664
gemma_4_e4b,946,storytelling,0.3421,0.0,0.1711
gemma_4_e4b,947,storytelling,0.3787,0.0061,0.1924
gemma_4_e4b,948,storytelling,0.7946,0.0,0.3973
gemma_4_e4b,949,storytelling,0.3605,0.0,0.1803
gemma_4_e4b,950,storytelling,0.9722,0.0,0.4861
gemma_4_e4b,951,storytelling,0.3424,0.0065,0.1745
gemma_4_e4b,952,storytelling,0.3956,0.0,0.1978
gemma_4_e4b,953,storytelling,0.36,0.0,0.18
gemma_4_e4b,954,storytelling,0.3289,0.0063,0.1676
gemma_4_e4b,955,storytelling,0.4596,0.0,0.2298
gemma_4_e4b,956,storytelling,0.7586,0.0,0.3793
gemma_4_e4b,957,storytelling,0.3169,0.0,0.1585
gemma_4_e4b,958,storytelling,0.4645,0.0066,0.2355
gemma_4_e4b,959,storytelling,0.4482,0.0,0.2241
gemma_4_e4b,960,storytelling,0.4132,0.0065,0.2098
gemma_4_e4b,961,storytelling,0.7087,0.0,0.3544
gemma_4_e4b,962,storytelling,0.7286,0.0,0.3643
gemma_4_e4b,963,storytelling,0.3404,0.0,0.1702
gemma_4_e4b,964,storytelling,0.8776,0.0,0.4388
gemma_4_e4b,965,storytelling,0.782,0.0,0.391
gemma_4_e4b,966,storytelling,0.3724,0.0,0.1862
gemma_4_e4b,967,storytelling,,,
gemma_4_e4b,968,storytelling,0.3088,0.0,0.1544
gemma_4_e4b,969,storytelling,0.9717,0.0,0.4858
gemma_4_e4b,970,storytelling,0.363,0.0,0.1815
gemma_4_e4b,971,storytelling,0.9594,0.0,0.4797
gemma_4_e4b,972,storytelling,0.3627,0.006,0.1843
gemma_4_e4b,973,storytelling,0.2506,0.0,0.1253
gemma_4_e4b,974,storytelling,0.3761,0.0,0.1881
gemma_4_e4b,975,storytelling,0.3422,0.0,0.1711
gemma_4_e4b,976,storytelling,0.4669,0.0063,0.2366
gemma_4_e4b,977,storytelling,0.8842,0.0,0.4421
gemma_4_e4b,978,storytelling,0.771,0.0,0.3855
gemma_4_e4b,979,storytelling,0.3794,0.0,0.1897
gemma_4_e4b,980,storytelling,0.4039,0.0061,0.205
gemma_4_e4b,981,storytelling,0.5841,0.0,0.292
gemma_4_e4b,982,storytelling,0.3593,0.0063,0.1828
gemma_4_e4b,983,storytelling,0.7957,0.0,0.3979
gemma_4_e4b,984,storytelling,0.9199,0.0,0.4599
gemma_4_e4b,985,storytelling,0.4131,0.0067,0.2099
gemma_4_e4b,986,storytelling,0.3197,0.0,0.1599
gemma_4_e4b,987,storytelling,0.8825,0.0,0.4413
gemma_4_e4b,988,storytelling,0.4274,0.0,0.2137
gemma_4_e4b,989,storytelling,0.4582,0.0057,0.232
gemma_4_e4b,990,storytelling,0.8308,0.0,0.4154
gemma_4_e4b,991,storytelling,0.2869,0.0,0.1434
gemma_4_e4b,992,storytelling,0.3779,0.0058,0.1919
gemma_4_e4b,993,storytelling,0.0121,0.0,0.006
gemma_4_e4b,994,storytelling,0.4911,0.0,0.2456
gemma_4_e4b,995,storytelling,0.3259,0.0,0.163
gemma_4_e4b,996,storytelling,0.4273,0.0061,0.2167
gemma_4_e4b,997,storytelling,0.876,0.0,0.438
gemma_4_e4b,998,storytelling,0.9474,0.0,0.4737
gemma_4_e4b,999,storytelling,0.3258,0.0,0.1629
gemma_4_e4b,1000,storytelling,0.7391,0.0,0.3696
gemma_4_e4b,1001,storytelling,0.6707,0.0,0.3353
gemma_4_e4b,1002,storytelling,0.9558,0.0,0.4779
gemma_4_e4b,1003,storytelling,0.4291,0.0,0.2146
gemma_4_e4b,1004,storytelling,0.8043,0.0,0.4021
gemma_4_e4b,1005,storytelling,0.7909,0.0,0.3955
gemma_4_e4b,1006,storytelling,0.9595,0.0,0.4798
gemma_4_e4b,1007,storytelling,0.9709,0.0114,0.4912
gemma_4_e4b,1008,storytelling,0.7485,0.0,0.3743
gemma_4_e4b,1009,storytelling,0.9452,0.0,0.4726
gemma_4_e4b,1010,storytelling,0.9892,0.0,0.4946
gemma_4_e4b,1011,storytelling,0.9041,0.0,0.452
gemma_4_e4b,1012,storytelling,0.822,0.0,0.411
gemma_4_e4b,1013,storytelling,0.9376,0.0,0.4688
gemma_4_e4b,1014,storytelling,0.9076,0.0,0.4538
gemma_4_e4b,1015,storytelling,0.9912,0.0,0.4956
gemma_4_e4b,1016,storytelling,0.7577,0.0,0.3788
gemma_4_e4b,1017,storytelling,0.6316,0.0,0.3158
gemma_4_e4b,1018,storytelling,0.8987,0.0,0.4494
gemma_4_e4b,1019,storytelling,0.905,0.0,0.4525
gemma_4_e4b,1020,storytelling,0.9435,0.0,0.4718
gemma_4_e4b,1021,storytelling,0.7973,0.0,0.3987
gemma_4_e4b,1022,storytelling,0.9662,0.0,0.4831
gemma_4_e4b,1023,storytelling,0.9713,0.0,0.4857
gemma_4_e4b,1024,storytelling,0.9562,0.0,0.4781
gemma_4_e4b,1025,storytelling,0.9344,0.0,0.4672
gemma_4_e4b,1026,storytelling,0.946,0.0135,0.4797
gemma_4_e4b,1027,storytelling,0.9414,0.0,0.4707
gemma_4_e4b,1028,storytelling,0.9759,0.0,0.488
gemma_4_e4b,1029,storytelling,0.8164,0.0,0.4082
gemma_4_e4b,1030,storytelling,0.7518,0.0,0.3759
gemma_4_e4b,1031,storytelling,0.8978,0.0,0.4489
gemma_4_e4b,1032,storytelling,0.3635,0.0,0.1817
gemma_4_e4b,1033,storytelling,0.9858,0.0,0.4929
gemma_4_e4b,1034,storytelling,0.9482,0.0,0.4741
gemma_4_e4b,1035,storytelling,0.4326,0.0,0.2163
gemma_4_e4b,1036,storytelling,0.9256,0.0,0.4628
gemma_4_e4b,1037,storytelling,0.9324,0.0,0.4662
gemma_4_e4b,1038,storytelling,0.8249,0.0,0.4125
gemma_4_e4b,1039,storytelling,0.7991,0.0,0.3996
gemma_4_e4b,1040,storytelling,0.8857,0.0,0.4428
gemma_4_e4b,1041,storytelling,0.9133,0.0,0.4566
gemma_4_e4b,1042,storytelling,0.9601,0.0,0.48
gemma_4_e4b,1043,storytelling,0.7124,0.0,0.3562
gemma_4_e4b,1044,storytelling,0.683,0.0,0.3415
gemma_4_e4b,1045,storytelling,0.9775,0.0,0.4888
gemma_4_e4b,1046,storytelling,0.4271,0.0,0.2136
gemma_4_e4b,1047,storytelling,0.9384,0.0,0.4692
gemma_4_e4b,1048,storytelling,0.5383,0.0,0.2691
gemma_4_e4b,1049,storytelling,0.7682,0.0,0.3841
gemma_4_e4b,1050,storytelling,0.9693,0.0,0.4846
gemma_4_e4b,1051,storytelling,0.9956,0.0,0.4978
gemma_4_e4b,1052,storytelling,0.7553,0.0,0.3776
gemma_4_e4b,1053,storytelling,0.8232,0.0,0.4116
gemma_4_e4b,1054,storytelling,0.9858,0.0,0.4929
gemma_4_e4b,1055,storytelling,0.4627,0.0,0.2313
gemma_4_e4b,1056,storytelling,0.9694,0.0,0.4847
gemma_4_e4b,1057,storytelling,0.6918,0.0,0.3459
gemma_4_e4b,1058,storytelling,0.7306,0.0,0.3653
gemma_4_e4b,1059,storytelling,0.9967,0.0,0.4984
gemma_4_e4b,1060,storytelling,0.9384,0.0,0.4692
gemma_4_e4b,1061,storytelling,0.9049,0.0,0.4524
gemma_4_e4b,1062,storytelling,0.8858,0.0,0.4429
gemma_4_e4b,1063,storytelling,0.7474,0.0,0.3737
gemma_4_e4b,1064,storytelling,0.7947,0.0,0.3973
gemma_4_e4b,1065,storytelling,0.3543,0.0,0.1771
gemma_4_e4b,1066,storytelling,0.9113,0.0,0.4556
gemma_4_e4b,1067,storytelling,0.8179,0.0,0.4089
gemma_4_e4b,1068,storytelling,0.6047,0.0,0.3024
gemma_4_e4b,1069,storytelling,0.8,0.0,0.4
gemma_4_e4b,1070,storytelling,0.9272,0.011,0.4691
gemma_4_e4b,1071,storytelling,0.8301,0.0215,0.4258
gemma_4_e4b,1072,storytelling,0.8763,0.0,0.4382
gemma_4_e4b,1073,storytelling,0.822,0.0,0.411
gemma_4_e4b,1074,storytelling,0.9755,0.0,0.4877
gemma_4_e4b,1075,storytelling,0.9683,0.0,0.4841
gemma_4_e4b,1076,storytelling,0.9711,0.0,0.4855
gemma_4_e4b,1077,storytelling,0.9186,0.0,0.4593
gemma_4_e4b,1078,storytelling,0.7732,0.0,0.3866
gemma_4_e4b,1079,storytelling,0.9384,0.0,0.4692
gemma_4_e4b,1080,storytelling,0.9223,0.0,0.4612
gemma_4_e4b,1081,storytelling,0.7318,0.0,0.3659
gemma_4_e4b,1082,storytelling,0.8952,0.0,0.4476
gemma_4_e4b,1083,storytelling,0.765,0.0,0.3825
gemma_4_e4b,1084,storytelling,0.9978,0.0,0.4989
gemma_4_e4b,1085,storytelling,0.7232,0.0,0.3616
gemma_4_e4b,1086,storytelling,0.9849,0.0,0.4925
gemma_4_e4b,1087,storytelling,0.914,0.0,0.457
gemma_4_e4b,1088,storytelling,0.7654,0.0,0.3827
gemma_4_e4b,1089,storytelling,0.7978,0.0,0.3989
gemma_4_e4b,1090,storytelling,0.9892,0.0,0.4946
gemma_4_e4b,1091,storytelling,0.7005,0.0,0.3503
gemma_4_e4b,1092,storytelling,0.3337,0.0,0.1668
gemma_4_e4b,1093,storytelling,0.965,0.0,0.4825
gemma_4_e4b,1094,storytelling,0.9201,0.0109,0.4655
gemma_4_e4b,1095,storytelling,0.8374,0.0,0.4187
gemma_4_e4b,1096,storytelling,0.9759,0.0,0.488
gemma_4_e4b,1097,storytelling,0.7249,0.0,0.3624
gemma_4_e4b,1098,storytelling,0.9839,0.0,0.4919
gemma_4_e4b,1099,storytelling,0.7443,0.0,0.3721
gemma_4_e4b,1100,storytelling,0.8077,0.0,0.4039
gemma_4_e4b,1101,storytelling,0.7852,0.0,0.3926
gemma_4_e4b,1102,storytelling,0.7707,0.0,0.3854
gemma_4_e4b,1103,storytelling,0.8707,0.0112,0.441
gemma_4_e4b,1104,storytelling,0.8987,0.0,0.4494
gemma_4_e4b,1105,storytelling,0.6813,0.0,0.3406
gemma_4_e4b,1106,storytelling,0.8969,0.0,0.4485
gemma_4_e4b,1107,storytelling,0.0404,0.0,0.0202
gemma_4_e4b,1108,storytelling,0.9978,0.0,0.4989
gemma_4_e4b,1109,storytelling,0.7956,0.0,0.3978
gemma_4_e4b,1110,storytelling,0.7529,0.0,0.3764
gemma_4_e4b,1111,storytelling,0.9076,0.0,0.4538
gemma_4_e4b,1112,storytelling,0.774,0.0,0.387
gemma_4_e4b,1113,storytelling,0.8978,0.0,0.4489
gemma_4_e4b,1114,storytelling,0.9581,0.0,0.479
gemma_4_e4b,1115,storytelling,0.9023,0.0,0.4512
gemma_4_e4b,1116,storytelling,0.9223,0.0,0.4612
gemma_4_e4b,1117,storytelling,0.9158,0.0,0.4579
gemma_4_e4b,1118,storytelling,0.8688,0.0,0.4344
gemma_4_e4b,1119,storytelling,0.9355,0.0,0.4678
gemma_4_e4b,1120,storytelling,0.6858,0.0,0.3429
gemma_4_e4b,1121,storytelling,0.7191,0.0,0.3595
gemma_4_e4b,1122,storytelling,0.911,0.0238,0.4674
gemma_4_e4b,1123,storytelling,0.9581,0.0,0.479
gemma_4_e4b,1124,storytelling,0.7808,0.0,0.3904
gemma_4_e4b,1125,storytelling,0.9734,0.0,0.4867
gemma_4_e4b,1126,storytelling,0.8606,0.0,0.4303
gemma_4_e4b,1127,storytelling,0.9902,0.0,0.4951
gemma_4_e4b,1128,storytelling,0.835,0.0108,0.4229
gemma_4_e4b,1129,storytelling,0.8797,0.0,0.4398
gemma_4_e4b,1130,storytelling,0.9734,0.0,0.4867
gemma_4_e4b,1131,storytelling,0.9601,0.0,0.48
gemma_4_e4b,1132,storytelling,0.9442,0.0,0.4721
gemma_4_e4b,1133,storytelling,0.9131,0.0,0.4565
gemma_4_e4b,1134,storytelling,0.3659,0.0,0.1829
gemma_4_e4b,1135,storytelling,0.8757,0.0,0.4379
gemma_4_e4b,1136,storytelling,0.8554,0.0,0.4277
gemma_4_e4b,1137,storytelling,0.5507,0.0,0.2753
gemma_4_e4b,1138,storytelling,0.9428,0.0,0.4714
gemma_4_e4b,1139,storytelling,0.3939,0.0,0.197
gemma_4_e4b,1140,storytelling,0.977,0.0,0.4885
gemma_4_e4b,1141,storytelling,0.4062,0.0,0.2031
gemma_4_e4b,1142,storytelling,0.01,0.0,0.005
gemma_4_e4b,1143,storytelling,0.9692,0.0,0.4846
gemma_4_e4b,1144,storytelling,0.9298,0.0,0.4649
gemma_4_e4b,1145,storytelling,0.3604,0.0,0.1802
gemma_4_e4b,1146,storytelling,0.2923,0.0,0.1461
gemma_4_e4b,1147,storytelling,0.9584,0.0,0.4792
gemma_4_e4b,1148,storytelling,0.7787,0.0,0.3894
gemma_4_e4b,1149,storytelling,0.7766,0.0,0.3883
gemma_4_e4b,1150,storytelling,0.3255,0.0,0.1628
gemma_4_e4b,1151,storytelling,0.9519,0.0,0.4759
gemma_4_e4b,1152,storytelling,0.8552,0.0,0.4276
gemma_4_e4b,1153,storytelling,0.4195,0.0,0.2097
gemma_4_e4b,1154,storytelling,0.973,0.0,0.4865
gemma_4_e4b,1155,storytelling,0.8554,0.0,0.4277
gemma_4_e4b,1156,storytelling,0.2682,0.0,0.1341
gemma_4_e4b,1157,storytelling,0.9988,0.0128,0.5058
gemma_4_e4b,1158,storytelling,0.6702,0.0,0.3351
gemma_4_e4b,1159,storytelling,0.9643,0.0,0.4822
gemma_4_e4b,1160,storytelling,0.9551,0.0,0.4775
gemma_4_e4b,1161,storytelling,0.851,0.0,0.4255
gemma_4_e4b,1162,storytelling,0.8042,0.0,0.4021
gemma_4_e4b,1163,storytelling,0.4145,0.0,0.2073
gemma_4_e4b,1164,storytelling,0.9847,0.0,0.4923
gemma_4_e4b,1165,storytelling,0.7982,0.0,0.3991
gemma_4_e4b,1166,storytelling,0.9737,0.0,0.4869
gemma_4_e4b,1167,storytelling,0.4168,0.0,0.2084
gemma_4_e4b,1168,storytelling,0.8961,0.0,0.4481
gemma_4_e4b,1169,storytelling,0.749,0.0,0.3745
gemma_4_e4b,1170,storytelling,0.4025,0.0,0.2012
gemma_4_e4b,1171,storytelling,0.3861,0.0,0.193
gemma_4_e4b,1172,storytelling,0.9147,0.0,0.4573
gemma_4_e4b,1173,storytelling,0.9755,0.0,0.4877
gemma_4_e4b,1174,storytelling,0.5711,0.0,0.2855
gemma_4_e4b,1175,storytelling,0.3848,0.0,0.1924
gemma_4_e4b,1176,storytelling,0.7982,0.0,0.3991
gemma_4_e4b,1177,storytelling,0.8698,0.0,0.4349
gemma_4_e4b,1178,storytelling,0.9852,0.0,0.4926
gemma_4_e4b,1179,storytelling,0.9781,0.0,0.4891
gemma_4_e4b,1180,storytelling,0.0277,0.0,0.0138
gemma_4_e4b,1181,storytelling,0.3138,0.0,0.1569
gemma_4_e4b,1182,storytelling,0.4281,0.0,0.2141
gemma_4_e4b,1183,storytelling,0.9398,0.0,0.4699
gemma_4_e4b,1184,storytelling,0.8027,0.0,0.4013
gemma_4_e4b,1185,storytelling,0.9637,0.0,0.4818
gemma_4_e4b,1186,storytelling,0.844,0.0,0.422
gemma_4_e4b,1187,storytelling,0.9321,0.0,0.4661
gemma_4_e4b,1188,storytelling,0.3297,0.0,0.1648
gemma_4_e4b,1189,storytelling,0.8899,0.0,0.445
gemma_4_e4b,1190,storytelling,0.3464,0.0,0.1732
gemma_4_e4b,1191,storytelling,0.9737,0.0,0.4869
gemma_4_e4b,1192,storytelling,0.4179,0.0,0.209
gemma_4_e4b,1193,storytelling,0.3371,0.0,0.1685
gemma_4_e4b,1194,storytelling,0.3729,0.0,0.1865
gemma_4_e4b,1195,storytelling,0.2654,0.0,0.1327
gemma_4_e4b,1196,storytelling,0.3249,0.0,0.1624
gemma_4_e4b,1197,storytelling,0.9584,0.0,0.4792
gemma_4_e4b,1198,storytelling,0.3547,0.0,0.1774
gemma_4_e4b,1199,storytelling,0.9639,0.0,0.4819
gemma_4_e4b,1200,unrestricted,0.6372,0.0,0.3186
gemma_4_e4b,1201,unrestricted,,,
gemma_4_e4b,1202,unrestricted,0.3928,0.0,0.1964
gemma_4_e4b,1203,unrestricted,0.4197,0.0,0.2099
gemma_4_e4b,1204,unrestricted,0.4047,0.0,0.2023
gemma_4_e4b,1205,unrestricted,0.4048,0.0,0.2024
gemma_4_e4b,1206,unrestricted,0.2627,0.0,0.1313
gemma_4_e4b,1207,unrestricted,0.2722,0.0,0.1361
gemma_4_e4b,1208,unrestricted,0.3795,0.0,0.1898
gemma_4_e4b,1209,unrestricted,,,
gemma_4_e4b,1210,unrestricted,0.4115,0.0,0.2058
gemma_4_e4b,1211,unrestricted,0.3967,0.0,0.1984
gemma_4_e4b,1212,unrestricted,0.3938,0.0,0.1969
gemma_4_e4b,1213,unrestricted,0.3975,0.0,0.1987
gemma_4_e4b,1214,unrestricted,0.423,0.0,0.2115
gemma_4_e4b,1215,unrestricted,0.4035,0.0,0.2018
gemma_4_e4b,1216,unrestricted,0.4293,0.0,0.2147
gemma_4_e4b,1217,unrestricted,0.4173,0.0,0.2086
gemma_4_e4b,1218,unrestricted,0.4417,0.0,0.2209
gemma_4_e4b,1219,unrestricted,0.0182,0.0,0.0091
gemma_4_e4b,1220,unrestricted,0.3906,0.0,0.1953
gemma_4_e4b,1221,unrestricted,0.403,0.0,0.2015
gemma_4_e4b,1222,unrestricted,0.4067,0.0,0.2033
gemma_4_e4b,1223,unrestricted,0.4027,0.0,0.2014
gemma_4_e4b,1224,unrestricted,0.2449,0.0,0.1224
gemma_4_e4b,1225,unrestricted,0.4123,0.0,0.2062
gemma_4_e4b,1226,unrestricted,0.45,0.0,0.225
gemma_4_e4b,1227,unrestricted,,,
gemma_4_e4b,1228,unrestricted,0.4029,0.0,0.2015
gemma_4_e4b,1229,unrestricted,0.3527,0.0,0.1764
gemma_4_e4b,1230,unrestricted,0.3936,0.0,0.1968
gemma_4_e4b,1231,unrestricted,0.3784,0.0,0.1892
gemma_4_e4b,1232,unrestricted,0.4354,0.0,0.2177
gemma_4_e4b,1233,unrestricted,0.4197,0.0,0.2098
gemma_4_e4b,1234,unrestricted,0.3803,0.0,0.1901
gemma_4_e4b,1235,unrestricted,0.4011,0.0,0.2006
gemma_4_e4b,1236,unrestricted,0.3977,0.0,0.1989
gemma_4_e4b,1237,unrestricted,0.2468,0.0,0.1234
gemma_4_e4b,1238,unrestricted,0.4026,0.0,0.2013
gemma_4_e4b,1239,unrestricted,0.4366,0.0,0.2183
gemma_4_e4b,1240,unrestricted,0.4416,0.0,0.2208
gemma_4_e4b,1241,unrestricted,0.0184,0.0,0.0092
gemma_4_e4b,1242,unrestricted,0.4942,0.0,0.2471
gemma_4_e4b,1243,unrestricted,0.395,0.0,0.1975
gemma_4_e4b,1244,unrestricted,0.4236,0.0,0.2118
gemma_4_e4b,1245,unrestricted,0.2984,0.0,0.1492
gemma_4_e4b,1246,unrestricted,0.436,0.0,0.218
gemma_4_e4b,1247,unrestricted,0.382,0.0,0.191
gemma_4_e4b,1248,unrestricted,0.4248,0.0,0.2124
gemma_4_e4b,1249,unrestricted,0.3988,0.0,0.1994
gemma_4_e4b,1250,unrestricted,0.3169,0.0,0.1584
gemma_4_e4b,1251,unrestricted,0.4352,0.0,0.2176
gemma_4_e4b,1252,unrestricted,0.4021,0.0,0.201
gemma_4_e4b,1253,unrestricted,0.4911,0.0,0.2456
gemma_4_e4b,1254,unrestricted,0.4063,0.0,0.2031
gemma_4_e4b,1255,unrestricted,0.3972,0.0,0.1986
gemma_4_e4b,1256,unrestricted,0.4678,0.0,0.2339
gemma_4_e4b,1257,unrestricted,0.424,0.0,0.212
gemma_4_e4b,1258,unrestricted,0.4624,0.0,0.2312
gemma_4_e4b,1259,unrestricted,,,
gemma_4_e4b,1260,unrestricted,0.4059,0.0,0.2029
gemma_4_e4b,1261,unrestricted,0.4133,0.0,0.2067
gemma_4_e4b,1262,unrestricted,0.3973,0.0,0.1987
gemma_4_e4b,1263,unrestricted,,,
gemma_4_e4b,1264,unrestricted,0.0177,0.0,0.0089
gemma_4_e4b,1265,unrestricted,0.3818,0.0,0.1909
gemma_4_e4b,1266,unrestricted,0.453,0.0,0.2265
gemma_4_e4b,1267,unrestricted,0.6757,0.0,0.3379
gemma_4_e4b,1268,unrestricted,0.3036,0.0,0.1518
gemma_4_e4b,1269,unrestricted,0.2916,0.0,0.1458
gemma_4_e4b,1270,unrestricted,0.3208,0.0,0.1604
gemma_4_e4b,1271,unrestricted,0.6265,0.0,0.3133
gemma_4_e4b,1272,unrestricted,0.4006,0.0,0.2003
gemma_4_e4b,1273,unrestricted,0.4935,0.0,0.2467
gemma_4_e4b,1274,unrestricted,0.3842,0.0,0.1921
gemma_4_e4b,1275,unrestricted,0.3913,0.0,0.1957
gemma_4_e4b,1276,unrestricted,0.1289,0.0,0.0645
gemma_4_e4b,1277,unrestricted,0.4418,0.0,0.2209
gemma_4_e4b,1278,unrestricted,0.445,0.0,0.2225
gemma_4_e4b,1279,unrestricted,0.4055,0.0,0.2027
gemma_4_e4b,1280,unrestricted,0.3693,0.0,0.1846
gemma_4_e4b,1281,unrestricted,0.4108,0.0,0.2054
gemma_4_e4b,1282,unrestricted,0.3593,0.0,0.1796
gemma_4_e4b,1283,unrestricted,0.3951,0.0,0.1975
gemma_4_e4b,1284,unrestricted,0.3951,0.0,0.1975
gemma_4_e4b,1285,unrestricted,0.3934,0.0,0.1967
gemma_4_e4b,1286,unrestricted,0.0233,0.0,0.0116
gemma_4_e4b,1287,unrestricted,0.4813,0.0,0.2407
gemma_4_e4b,1288,unrestricted,0.3934,0.0,0.1967
gemma_4_e4b,1289,unrestricted,0.8307,0.0,0.4154
gemma_4_e4b,1290,unrestricted,0.3635,0.0,0.1817
gemma_4_e4b,1291,unrestricted,0.2654,0.0,0.1327
gemma_4_e4b,1292,unrestricted,0.2824,0.0,0.1412
gemma_4_e4b,1293,unrestricted,0.4492,0.0,0.2246
gemma_4_e4b,1294,unrestricted,0.3857,0.0122,0.1989
gemma_4_e4b,1295,unrestricted,0.6082,0.0,0.3041
gemma_4_e4b,1296,unrestricted,0.4009,0.0,0.2005
gemma_4_e4b,1297,unrestricted,0.3647,0.0,0.1823
gemma_4_e4b,1298,unrestricted,0.4101,0.0,0.2051
gemma_4_e4b,1299,unrestricted,0.3802,0.0,0.1901
gemma_4_e4b,1300,unrestricted,0.3941,0.0,0.1971
gemma_4_e4b,1301,unrestricted,0.4276,0.0,0.2138
gemma_4_e4b,1302,unrestricted,0.3776,0.0,0.1888
gemma_4_e4b,1303,unrestricted,0.3105,0.0,0.1552
gemma_4_e4b,1304,unrestricted,0.4659,0.0,0.2329
gemma_4_e4b,1305,unrestricted,,,
gemma_4_e4b,1306,unrestricted,0.947,0.0,0.4735
gemma_4_e4b,1307,unrestricted,0.0602,0.0,0.0301
gemma_4_e4b,1308,unrestricted,0.4087,0.0,0.2044
gemma_4_e4b,1309,unrestricted,0.3747,0.0,0.1874
gemma_4_e4b,1310,unrestricted,0.3977,0.0,0.1989
gemma_4_e4b,1311,unrestricted,0.4202,0.0,0.2101
gemma_4_e4b,1312,unrestricted,0.3458,0.0,0.1729
gemma_4_e4b,1313,unrestricted,0.9336,0.0,0.4668
gemma_4_e4b,1314,unrestricted,0.406,0.0,0.203
gemma_4_e4b,1315,unrestricted,0.3677,0.0,0.1839
gemma_4_e4b,1316,unrestricted,0.4269,0.0,0.2135
gemma_4_e4b,1317,unrestricted,0.8246,0.0,0.4123
gemma_4_e4b,1318,unrestricted,0.426,0.0,0.213
gemma_4_e4b,1319,unrestricted,0.4269,0.0,0.2134
gemma_4_e4b,1320,unrestricted,0.4775,0.0,0.2388
gemma_4_e4b,1321,unrestricted,0.6301,0.0,0.315
gemma_4_e4b,1322,unrestricted,0.4201,0.0,0.2101
gemma_4_e4b,1323,unrestricted,0.4065,0.0,0.2032
gemma_4_e4b,1324,unrestricted,0.3481,0.0,0.174
gemma_4_e4b,1325,unrestricted,0.3904,0.0,0.1952
gemma_4_e4b,1326,unrestricted,0.3686,0.0,0.1843
gemma_4_e4b,1327,unrestricted,0.9815,0.0,0.4908
gemma_4_e4b,1328,unrestricted,0.4295,0.0,0.2147
gemma_4_e4b,1329,unrestricted,0.4008,0.0,0.2004
gemma_4_e4b,1330,unrestricted,0.4194,0.0,0.2097
gemma_4_e4b,1331,unrestricted,0.9653,0.0,0.4826
gemma_4_e4b,1332,unrestricted,0.384,0.0,0.192
gemma_4_e4b,1333,unrestricted,0.7681,0.0,0.3841
gemma_4_e4b,1334,unrestricted,0.0103,0.0,0.0052
gemma_4_e4b,1335,unrestricted,0.2041,0.0,0.1021
gemma_4_e4b,1336,unrestricted,0.211,0.0,0.1055
gemma_4_e4b,1337,unrestricted,0.2167,0.0,0.1084
gemma_4_e4b,1338,unrestricted,0.3797,0.0,0.1899
gemma_4_e4b,1339,unrestricted,0.3104,0.0,0.1552
gemma_4_e4b,1340,unrestricted,0.4533,0.0,0.2267
gemma_4_e4b,1341,unrestricted,0.7706,0.0,0.3853
gemma_4_e4b,1342,unrestricted,0.2535,0.0,0.1268
gemma_4_e4b,1343,unrestricted,0.3321,0.0,0.1661
gemma_4_e4b,1344,unrestricted,0.4115,0.0,0.2058
gemma_4_e4b,1345,unrestricted,0.3412,0.0,0.1706
gemma_4_e4b,1346,unrestricted,0.2639,0.0,0.1319
gemma_4_e4b,1347,unrestricted,0.301,0.0,0.1505
gemma_4_e4b,1348,unrestricted,0.2178,0.0,0.1089
gemma_4_e4b,1349,unrestricted,0.114,0.0,0.057
gemma_4_e4b,1350,unrestricted,0.2881,0.0,0.144
gemma_4_e4b,1351,unrestricted,0.3006,0.0,0.1503
gemma_4_e4b,1352,unrestricted,0.1356,0.0,0.0678
gemma_4_e4b,1353,unrestricted,0.273,0.0,0.1365
gemma_4_e4b,1354,unrestricted,0.4758,0.0,0.2379
gemma_4_e4b,1355,unrestricted,0.1579,0.0,0.0789
gemma_4_e4b,1356,unrestricted,0.2349,0.0,0.1174
gemma_4_e4b,1357,unrestricted,0.3114,0.0,0.1557
gemma_4_e4b,1358,unrestricted,0.9066,0.0,0.4533
gemma_4_e4b,1359,unrestricted,0.3427,0.0,0.1713
gemma_4_e4b,1360,unrestricted,0.3308,0.0,0.1654
gemma_4_e4b,1361,unrestricted,0.2549,0.0,0.1274
gemma_4_e4b,1362,unrestricted,0.2826,0.0,0.1413
gemma_4_e4b,1363,unrestricted,0.2135,0.0,0.1067
gemma_4_e4b,1364,unrestricted,0.2969,0.0,0.1485
gemma_4_e4b,1365,unrestricted,0.3074,0.0,0.1537
gemma_4_e4b,1366,unrestricted,0.3861,0.0,0.193
gemma_4_e4b,1367,unrestricted,0.3981,0.0,0.199
gemma_4_e4b,1368,unrestricted,0.9475,0.0,0.4737
gemma_4_e4b,1369,unrestricted,0.3312,0.0,0.1656
gemma_4_e4b,1370,unrestricted,0.241,0.0,0.1205
gemma_4_e4b,1371,unrestricted,0.3866,0.0,0.1933
gemma_4_e4b,1372,unrestricted,0.3091,0.0,0.1546
gemma_4_e4b,1373,unrestricted,0.301,0.0,0.1505
gemma_4_e4b,1374,unrestricted,0.0177,0.0,0.0088
gemma_4_e4b,1375,unrestricted,0.3431,0.0,0.1715
gemma_4_e4b,1376,unrestricted,0.4981,0.0,0.249
gemma_4_e4b,1377,unrestricted,0.3116,0.0,0.1558
gemma_4_e4b,1378,unrestricted,0.2972,0.0,0.1486
gemma_4_e4b,1379,unrestricted,0.3899,0.0,0.195
gemma_4_e4b,1380,unrestricted,0.4239,0.0,0.212
gemma_4_e4b,1381,unrestricted,0.4221,0.0,0.211
gemma_4_e4b,1382,unrestricted,0.3693,0.0,0.1846
gemma_4_e4b,1383,unrestricted,0.2811,0.0,0.1406
gemma_4_e4b,1384,unrestricted,0.4724,0.0,0.2362
gemma_4_e4b,1385,unrestricted,0.4172,0.0,0.2086
gemma_4_e4b,1386,unrestricted,0.3267,0.0,0.1633
gemma_4_e4b,1387,unrestricted,0.2942,0.0,0.1471
gemma_4_e4b,1388,unrestricted,0.4019,0.0,0.2009
gemma_4_e4b,1389,unrestricted,0.2573,0.0,0.1287
gemma_4_e4b,1390,unrestricted,0.2149,0.0,0.1075
gemma_4_e4b,1391,unrestricted,0.2852,0.0,0.1426
gemma_4_e4b,1392,unrestricted,0.2795,0.0,0.1398
gemma_4_e4b,1393,unrestricted,,,
gemma_4_e4b,1394,unrestricted,0.2948,0.0,0.1474
gemma_4_e4b,1395,unrestricted,0.3217,0.0,0.1609
gemma_4_e4b,1396,unrestricted,0.2299,0.0,0.1149
gemma_4_e4b,1397,unrestricted,0.4682,0.0,0.2341
gemma_4_e4b,1398,unrestricted,0.2809,0.0,0.1405
gemma_4_e4b,1399,unrestricted,0.2518,0.0,0.1259
gemma_4_e4b,1400,unrestricted,0.8737,0.0,0.4369
gemma_4_e4b,1401,unrestricted,0.9559,0.0,0.4779
gemma_4_e4b,1402,unrestricted,0.9412,0.0,0.4706
gemma_4_e4b,1403,unrestricted,0.9606,0.0,0.4803
gemma_4_e4b,1404,unrestricted,0.9976,0.0,0.4988
gemma_4_e4b,1405,unrestricted,0.8387,0.0,0.4194
gemma_4_e4b,1406,unrestricted,0.9321,0.0,0.466
gemma_4_e4b,1407,unrestricted,0.9453,0.0,0.4727
gemma_4_e4b,1408,unrestricted,0.9535,0.0,0.4768
gemma_4_e4b,1409,unrestricted,0.8671,0.0,0.4336
gemma_4_e4b,1410,unrestricted,0.8348,0.0,0.4174
gemma_4_e4b,1411,unrestricted,0.8598,0.0,0.4299
gemma_4_e4b,1412,unrestricted,0.8786,0.0,0.4393
gemma_4_e4b,1413,unrestricted,0.8568,0.0,0.4284
gemma_4_e4b,1414,unrestricted,0.887,0.0,0.4435
gemma_4_e4b,1415,unrestricted,0.9107,0.0,0.4553
gemma_4_e4b,1416,unrestricted,0.9428,0.0,0.4714
gemma_4_e4b,1417,unrestricted,0.9535,0.0,0.4768
gemma_4_e4b,1418,unrestricted,0.8554,0.0,0.4277
gemma_4_e4b,1419,unrestricted,0.8697,0.0,0.4349
gemma_4_e4b,1420,unrestricted,0.9535,0.0,0.4768
gemma_4_e4b,1421,unrestricted,0.944,0.0,0.472
gemma_4_e4b,1422,unrestricted,0.8873,0.0,0.4436
gemma_4_e4b,1423,unrestricted,0.9142,0.0,0.4571
gemma_4_e4b,1424,unrestricted,0.855,0.0,0.4275
gemma_4_e4b,1425,unrestricted,0.8945,0.0,0.4473
gemma_4_e4b,1426,unrestricted,0.8594,0.0,0.4297
gemma_4_e4b,1427,unrestricted,0.8658,0.0,0.4329
gemma_4_e4b,1428,unrestricted,0.8951,0.0,0.4476
gemma_4_e4b,1429,unrestricted,0.9285,0.0,0.4642
gemma_4_e4b,1430,unrestricted,0.8817,0.0,0.4408
gemma_4_e4b,1431,unrestricted,0.8899,0.0,0.445
gemma_4_e4b,1432,unrestricted,0.9121,0.0,0.456
gemma_4_e4b,1433,unrestricted,0.8605,0.0,0.4302
gemma_4_e4b,1434,unrestricted,0.903,0.0,0.4515
gemma_4_e4b,1435,unrestricted,0.9044,0.0,0.4522
gemma_4_e4b,1436,unrestricted,0.8726,0.0,0.4363
gemma_4_e4b,1437,unrestricted,0.8674,0.0,0.4337
gemma_4_e4b,1438,unrestricted,0.9297,0.0,0.4648
gemma_4_e4b,1439,unrestricted,0.8502,0.0,0.4251
gemma_4_e4b,1440,unrestricted,0.9297,0.0,0.4648
gemma_4_e4b,1441,unrestricted,0.9586,0.0,0.4793
gemma_4_e4b,1442,unrestricted,0.6985,0.0,0.3493
gemma_4_e4b,1443,unrestricted,0.9964,0.0,0.4982
gemma_4_e4b,1444,unrestricted,0.8737,0.0,0.4369
gemma_4_e4b,1445,unrestricted,0.8915,0.0,0.4458
gemma_4_e4b,1446,unrestricted,0.9392,0.0,0.4696
gemma_4_e4b,1447,unrestricted,0.944,0.0,0.472
gemma_4_e4b,1448,unrestricted,0.8766,0.0,0.4383
gemma_4_e4b,1449,unrestricted,0.9499,0.0,0.475
gemma_4_e4b,1450,unrestricted,0.8819,0.0,0.4409
gemma_4_e4b,1451,unrestricted,0.7458,0.0,0.3729
gemma_4_e4b,1452,unrestricted,0.9201,0.0,0.4601
gemma_4_e4b,1453,unrestricted,0.9436,0.0,0.4718
gemma_4_e4b,1454,unrestricted,0.9368,0.0,0.4684
gemma_4_e4b,1455,unrestricted,0.9109,0.0,0.4555
gemma_4_e4b,1456,unrestricted,0.8279,0.0,0.4139
gemma_4_e4b,1457,unrestricted,0.9607,0.0,0.4803
gemma_4_e4b,1458,unrestricted,0.9235,0.0,0.4618
gemma_4_e4b,1459,unrestricted,0.8974,0.0,0.4487
gemma_4_e4b,1460,unrestricted,0.8403,0.0,0.4201
gemma_4_e4b,1461,unrestricted,0.9712,0.0,0.4856
gemma_4_e4b,1462,unrestricted,0.907,0.0,0.4535
gemma_4_e4b,1463,unrestricted,0.919,0.0,0.4595
gemma_4_e4b,1464,unrestricted,0.9451,0.0,0.4726
gemma_4_e4b,1465,unrestricted,0.8875,0.0,0.4438
gemma_4_e4b,1466,unrestricted,0.8396,0.0,0.4198
gemma_4_e4b,1467,unrestricted,0.4236,0.0,0.2118
gemma_4_e4b,1468,unrestricted,0.9944,0.0,0.4972
gemma_4_e4b,1469,unrestricted,0.8961,0.0,0.448
gemma_4_e4b,1470,unrestricted,0.9673,0.0,0.4836
gemma_4_e4b,1471,unrestricted,0.2513,0.0,0.1257
gemma_4_e4b,1472,unrestricted,0.8889,0.0143,0.4516
gemma_4_e4b,1473,unrestricted,0.3014,0.0,0.1507
gemma_4_e4b,1474,unrestricted,0.8646,0.0,0.4323
gemma_4_e4b,1475,unrestricted,0.9752,0.0,0.4876
gemma_4_e4b,1476,unrestricted,0.1393,0.0,0.0697
gemma_4_e4b,1477,unrestricted,0.9964,0.0,0.4982
gemma_4_e4b,1478,unrestricted,0.8801,0.0,0.4401
gemma_4_e4b,1479,unrestricted,0.925,0.0,0.4625
gemma_4_e4b,1480,unrestricted,0.9742,0.0,0.4871
gemma_4_e4b,1481,unrestricted,0.946,0.0,0.473
gemma_4_e4b,1482,unrestricted,0.8661,0.0,0.433
gemma_4_e4b,1483,unrestricted,0.9431,0.0,0.4716
gemma_4_e4b,1484,unrestricted,0.8851,0.0,0.4426
gemma_4_e4b,1485,unrestricted,0.9286,0.0,0.4643
gemma_4_e4b,1486,unrestricted,0.9531,0.0,0.4766
gemma_4_e4b,1487,unrestricted,0.9678,0.0,0.4839
gemma_4_e4b,1488,unrestricted,0.8346,0.0,0.4173
gemma_4_e4b,1489,unrestricted,0.9771,0.0,0.4885
gemma_4_e4b,1490,unrestricted,0.9383,0.0,0.4692
gemma_4_e4b,1491,unrestricted,0.9681,0.0,0.484
gemma_4_e4b,1492,unrestricted,0.8045,0.0,0.4022
gemma_4_e4b,1493,unrestricted,0.9842,0.0,0.4921
gemma_4_e4b,1494,unrestricted,0.9148,0.0,0.4574
gemma_4_e4b,1495,unrestricted,0.8401,0.0,0.4201
gemma_4_e4b,1496,unrestricted,0.9321,0.0,0.466
gemma_4_e4b,1497,unrestricted,0.9001,0.0,0.4501
gemma_4_e4b,1498,unrestricted,0.9848,0.0,0.4924
gemma_4_e4b,1499,unrestricted,0.9832,0.0,0.4916
gemma_4_e4b,1500,unrestricted,0.9146,0.0,0.4573
gemma_4_e4b,1501,unrestricted,0.9785,0.0,0.4893
gemma_4_e4b,1502,unrestricted,0.9898,0.0,0.4949
gemma_4_e4b,1503,unrestricted,0.3015,0.0,0.1508
gemma_4_e4b,1504,unrestricted,0.8589,0.0,0.4295
gemma_4_e4b,1505,unrestricted,0.9698,0.0,0.4849
gemma_4_e4b,1506,unrestricted,0.9791,0.0,0.4896
gemma_4_e4b,1507,unrestricted,0.3353,0.0,0.1677
gemma_4_e4b,1508,unrestricted,0.9619,0.0,0.4809
gemma_4_e4b,1509,unrestricted,0.9388,0.0,0.4694
gemma_4_e4b,1510,unrestricted,0.835,0.0,0.4175
gemma_4_e4b,1511,unrestricted,0.9644,0.0,0.4822
gemma_4_e4b,1512,unrestricted,0.9609,0.0,0.4804
gemma_4_e4b,1513,unrestricted,0.938,0.0,0.469
gemma_4_e4b,1514,unrestricted,0.9564,0.0,0.4782
gemma_4_e4b,1515,unrestricted,0.9425,0.0,0.4713
gemma_4_e4b,1516,unrestricted,0.9359,0.0,0.468
gemma_4_e4b,1517,unrestricted,0.0946,0.0,0.0473
gemma_4_e4b,1518,unrestricted,0.992,0.0,0.496
gemma_4_e4b,1519,unrestricted,0.8931,0.0,0.4465
gemma_4_e4b,1520,unrestricted,0.9912,0.0,0.4956
gemma_4_e4b,1521,unrestricted,0.259,0.0,0.1295
gemma_4_e4b,1522,unrestricted,0.7443,0.0,0.3721
gemma_4_e4b,1523,unrestricted,0.8903,0.0,0.4452
gemma_4_e4b,1524,unrestricted,0.9596,0.0,0.4798
gemma_4_e4b,1525,unrestricted,0.9911,0.0,0.4956
gemma_4_e4b,1526,unrestricted,0.9484,0.0,0.4742
gemma_4_e4b,1527,unrestricted,0.4275,0.0,0.2137
gemma_4_e4b,1528,unrestricted,0.8462,0.0,0.4231
gemma_4_e4b,1529,unrestricted,0.9836,0.0,0.4918
gemma_4_e4b,1530,unrestricted,0.8544,0.0,0.4272
gemma_4_e4b,1531,unrestricted,0.9964,0.0,0.4982
gemma_4_e4b,1532,unrestricted,0.9544,0.0,0.4772
gemma_4_e4b,1533,unrestricted,0.8632,0.0,0.4316
gemma_4_e4b,1534,unrestricted,0.6596,0.0,0.3298
gemma_4_e4b,1535,unrestricted,0.241,0.0,0.1205
gemma_4_e4b,1536,unrestricted,0.2301,0.0,0.115
gemma_4_e4b,1537,unrestricted,0.225,0.0,0.1125
gemma_4_e4b,1538,unrestricted,0.9964,0.0,0.4982
gemma_4_e4b,1539,unrestricted,0.3248,0.0,0.1624
gemma_4_e4b,1540,unrestricted,0.6377,0.0,0.3189
gemma_4_e4b,1541,unrestricted,0.2598,0.0,0.1299
gemma_4_e4b,1542,unrestricted,0.969,0.0,0.4845
gemma_4_e4b,1543,unrestricted,0.9683,0.0,0.4841
gemma_4_e4b,1544,unrestricted,0.8939,0.0,0.447
gemma_4_e4b,1545,unrestricted,0.3391,0.0,0.1696
gemma_4_e4b,1546,unrestricted,0.2849,0.0,0.1424
gemma_4_e4b,1547,unrestricted,0.9839,0.0,0.492
gemma_4_e4b,1548,unrestricted,0.7738,0.0,0.3869
gemma_4_e4b,1549,unrestricted,0.9821,0.0,0.4911
gemma_4_e4b,1550,unrestricted,0.3297,0.0,0.1648
gemma_4_e4b,1551,unrestricted,0.9891,0.0,0.4946
gemma_4_e4b,1552,unrestricted,0.8859,0.0,0.4429
gemma_4_e4b,1553,unrestricted,0.9702,0.0,0.4851
gemma_4_e4b,1554,unrestricted,0.8784,0.0,0.4392
gemma_4_e4b,1555,unrestricted,0.8582,0.0,0.4291
gemma_4_e4b,1556,unrestricted,0.2799,0.0,0.14
gemma_4_e4b,1557,unrestricted,0.9169,0.0,0.4584
gemma_4_e4b,1558,unrestricted,0.8552,0.0,0.4276
gemma_4_e4b,1559,unrestricted,0.912,0.0,0.456
gemma_4_e4b,1560,unrestricted,0.9796,0.0,0.4898
gemma_4_e4b,1561,unrestricted,0.9624,0.0,0.4812
gemma_4_e4b,1562,unrestricted,0.9903,0.0,0.4952
gemma_4_e4b,1563,unrestricted,0.3071,0.0,0.1536
gemma_4_e4b,1564,unrestricted,0.8712,0.0,0.4356
gemma_4_e4b,1565,unrestricted,0.9162,0.0,0.4581
gemma_4_e4b,1566,unrestricted,0.9745,0.0115,0.493
gemma_4_e4b,1567,unrestricted,0.9595,0.0,0.4797
gemma_4_e4b,1568,unrestricted,0.3174,0.0,0.1587
gemma_4_e4b,1569,unrestricted,0.9831,0.0,0.4915
gemma_4_e4b,1570,unrestricted,0.9759,0.0,0.4879
gemma_4_e4b,1571,unrestricted,0.2223,0.0,0.1112
gemma_4_e4b,1572,unrestricted,0.9113,0.0,0.4557
gemma_4_e4b,1573,unrestricted,0.9374,0.0,0.4687
gemma_4_e4b,1574,unrestricted,0.9654,0.0,0.4827
gemma_4_e4b,1575,unrestricted,0.3422,0.0,0.1711
gemma_4_e4b,1576,unrestricted,0.8115,0.0,0.4058
gemma_4_e4b,1577,unrestricted,0.9494,0.0,0.4747
gemma_4_e4b,1578,unrestricted,0.8274,0.0,0.4137
gemma_4_e4b,1579,unrestricted,0.9639,0.0,0.4819
gemma_4_e4b,1580,unrestricted,0.9046,0.0,0.4523
gemma_4_e4b,1581,unrestricted,0.9881,0.0,0.494
gemma_4_e4b,1582,unrestricted,0.9838,0.0,0.4919
gemma_4_e4b,1583,unrestricted,0.3159,0.0,0.1579
gemma_4_e4b,1584,unrestricted,0.8924,0.0,0.4462
gemma_4_e4b,1585,unrestricted,0.8996,0.0,0.4498
gemma_4_e4b,1586,unrestricted,0.9774,0.0,0.4887
gemma_4_e4b,1587,unrestricted,0.5573,0.0,0.2786
gemma_4_e4b,1588,unrestricted,0.9476,0.0,0.4738
gemma_4_e4b,1589,unrestricted,0.3051,0.0,0.1525
gemma_4_e4b,1590,unrestricted,0.281,0.0,0.1405
gemma_4_e4b,1591,unrestricted,0.9556,0.0,0.4778
gemma_4_e4b,1592,unrestricted,0.2405,0.0,0.1202
gemma_4_e4b,1593,unrestricted,0.956,0.0,0.478
gemma_4_e4b,1594,unrestricted,0.9611,0.0,0.4805
gemma_4_e4b,1595,unrestricted,0.8832,0.0,0.4416
gemma_4_e4b,1596,unrestricted,0.2514,0.0,0.1257
gemma_4_e4b,1597,unrestricted,0.8077,0.0,0.4039
gemma_4_e4b,1598,unrestricted,0.2674,0.0,0.1337
gemma_4_e4b,1599,unrestricted,0.9142,0.0,0.4571
gemma_4_e4b,1600,unrestricted,0.4108,0.0,0.2054
gemma_4_e4b,1601,unrestricted,0.4709,0.0,0.2355
gemma_4_e4b,1602,unrestricted,0.958,0.0,0.479
gemma_4_e4b,1603,unrestricted,0.5289,0.0,0.2644
gemma_4_e4b,1604,unrestricted,0.7809,0.0,0.3904
gemma_4_e4b,1605,unrestricted,0.9021,0.0,0.4511
gemma_4_e4b,1606,unrestricted,0.2644,0.0,0.1322
gemma_4_e4b,1607,unrestricted,0.32,0.0,0.16
gemma_4_e4b,1608,unrestricted,0.9025,0.0,0.4513
gemma_4_e4b,1609,unrestricted,0.3151,0.0,0.1576
gemma_4_e4b,1610,unrestricted,0.8364,0.0,0.4182
gemma_4_e4b,1611,unrestricted,0.8519,0.0,0.4259
gemma_4_e4b,1612,unrestricted,0.9493,0.0,0.4746
gemma_4_e4b,1613,unrestricted,0.4843,0.0,0.2422
gemma_4_e4b,1614,unrestricted,0.9243,0.0,0.4622
gemma_4_e4b,1615,unrestricted,0.9007,0.0,0.4503
gemma_4_e4b,1616,unrestricted,0.9695,0.0,0.4848
gemma_4_e4b,1617,unrestricted,0.8704,0.0,0.4352
gemma_4_e4b,1618,unrestricted,0.4319,0.0,0.2159
gemma_4_e4b,1619,unrestricted,0.4431,0.0,0.2215
gemma_4_e4b,1620,unrestricted,0.4569,0.0,0.2285
gemma_4_e4b,1621,unrestricted,0.4817,0.0,0.2408
gemma_4_e4b,1622,unrestricted,0.8807,0.0,0.4403
gemma_4_e4b,1623,unrestricted,0.4867,0.0,0.2434
gemma_4_e4b,1624,unrestricted,0.8614,0.0,0.4307
gemma_4_e4b,1625,unrestricted,0.9198,0.0,0.4599
gemma_4_e4b,1626,unrestricted,0.5077,0.0,0.2538
gemma_4_e4b,1627,unrestricted,0.9512,0.0,0.4756
gemma_4_e4b,1628,unrestricted,0.8704,0.0,0.4352
gemma_4_e4b,1629,unrestricted,0.5074,0.0,0.2537
gemma_4_e4b,1630,unrestricted,0.8261,0.0,0.4131
gemma_4_e4b,1631,unrestricted,0.4264,0.0,0.2132
gemma_4_e4b,1632,unrestricted,0.501,0.0,0.2505
gemma_4_e4b,1633,unrestricted,0.4826,0.0,0.2413
gemma_4_e4b,1634,unrestricted,0.8579,0.0,0.4289
gemma_4_e4b,1635,unrestricted,0.4298,0.0,0.2149
gemma_4_e4b,1636,unrestricted,0.439,0.0,0.2195
gemma_4_e4b,1637,unrestricted,0.9011,0.0,0.4505
gemma_4_e4b,1638,unrestricted,0.468,0.0,0.234
gemma_4_e4b,1639,unrestricted,0.4453,0.0,0.2227
gemma_4_e4b,1640,unrestricted,0.8344,0.0,0.4172
gemma_4_e4b,1641,unrestricted,0.993,0.0,0.4965
gemma_4_e4b,1642,unrestricted,0.7353,0.0,0.3676
gemma_4_e4b,1643,unrestricted,0.4294,0.0,0.2147
gemma_4_e4b,1644,unrestricted,0.989,0.0,0.4945
gemma_4_e4b,1645,unrestricted,0.2574,0.0,0.1287
gemma_4_e4b,1646,unrestricted,0.9779,0.0,0.4889
gemma_4_e4b,1647,unrestricted,0.4114,0.0,0.2057
gemma_4_e4b,1648,unrestricted,0.8688,0.0,0.4344
gemma_4_e4b,1649,unrestricted,0.4429,0.0,0.2215
gemma_4_e4b,1650,unrestricted,0.2778,0.0,0.1389
gemma_4_e4b,1651,unrestricted,0.7947,0.0,0.3974
gemma_4_e4b,1652,unrestricted,0.8539,0.0,0.427
gemma_4_e4b,1653,unrestricted,0.464,0.0,0.232
gemma_4_e4b,1654,unrestricted,0.8251,0.0,0.4126
gemma_4_e4b,1655,unrestricted,0.3496,0.0,0.1748
gemma_4_e4b,1656,unrestricted,0.5029,0.0,0.2515
gemma_4_e4b,1657,unrestricted,0.4655,0.0,0.2328
gemma_4_e4b,1658,unrestricted,0.8542,0.0,0.4271
gemma_4_e4b,1659,unrestricted,,,
gemma_4_e4b,1660,unrestricted,0.8951,0.0,0.4475
gemma_4_e4b,1661,unrestricted,0.9387,0.0,0.4694
gemma_4_e4b,1662,unrestricted,0.0375,0.0,0.0187
gemma_4_e4b,1663,unrestricted,0.3483,0.0,0.1742
gemma_4_e4b,1664,unrestricted,0.453,0.0,0.2265
gemma_4_e4b,1665,unrestricted,0.457,0.0,0.2285
gemma_4_e4b,1666,unrestricted,0.4769,0.0,0.2385
gemma_4_e4b,1667,unrestricted,0.2757,0.0,0.1379
gemma_4_e4b,1668,unrestricted,0.2819,0.0,0.1409
gemma_4_e4b,1669,unrestricted,0.6039,0.0,0.302
gemma_4_e4b,1670,unrestricted,0.8993,0.0127,0.456
gemma_4_e4b,1671,unrestricted,0.8375,0.0,0.4188
gemma_4_e4b,1672,unrestricted,0.9613,0.0,0.4806
gemma_4_e4b,1673,unrestricted,0.6204,0.0,0.3102
gemma_4_e4b,1674,unrestricted,0.9634,0.0,0.4817
gemma_4_e4b,1675,unrestricted,0.9291,0.0,0.4646
gemma_4_e4b,1676,unrestricted,0.1101,0.0,0.055
gemma_4_e4b,1677,unrestricted,0.8482,0.0211,0.4346
gemma_4_e4b,1678,unrestricted,0.8923,0.0,0.4461
gemma_4_e4b,1679,unrestricted,0.9906,0.0,0.4953
gemma_4_e4b,1680,unrestricted,0.2357,0.0,0.1178
gemma_4_e4b,1681,unrestricted,0.4479,0.0,0.224
gemma_4_e4b,1682,unrestricted,0.4295,0.0,0.2147
gemma_4_e4b,1683,unrestricted,0.9751,0.0,0.4876
gemma_4_e4b,1684,unrestricted,0.9156,0.0,0.4578
gemma_4_e4b,1685,unrestricted,0.8162,0.0,0.4081
gemma_4_e4b,1686,unrestricted,0.8086,0.0,0.4043
gemma_4_e4b,1687,unrestricted,0.9469,0.0,0.4735
gemma_4_e4b,1688,unrestricted,,,
gemma_4_e4b,1689,unrestricted,0.7677,0.0,0.3839
gemma_4_e4b,1690,unrestricted,0.7665,0.0,0.3832
gemma_4_e4b,1691,unrestricted,0.5489,0.0,0.2744
gemma_4_e4b,1692,unrestricted,0.8906,0.0,0.4453
gemma_4_e4b,1693,unrestricted,0.9481,0.0,0.4741
gemma_4_e4b,1694,unrestricted,0.8837,0.0,0.4419
gemma_4_e4b,1695,unrestricted,0.1745,0.0,0.0873
gemma_4_e4b,1696,unrestricted,0.8025,0.0,0.4012
gemma_4_e4b,1697,unrestricted,,,
gemma_4_e4b,1698,unrestricted,0.9754,0.0,0.4877
gemma_4_e4b,1699,unrestricted,0.7005,0.0,0.3503
gemma_4_e4b,1700,unrestricted,0.9267,0.0,0.4633
gemma_4_e4b,1701,unrestricted,0.7798,0.0,0.3899
gemma_4_e4b,1702,unrestricted,0.9187,0.0,0.4594
gemma_4_e4b,1703,unrestricted,0.3701,0.0,0.1851
gemma_4_e4b,1704,unrestricted,0.9585,0.0,0.4792
gemma_4_e4b,1705,unrestricted,0.9003,0.0,0.4502
gemma_4_e4b,1706,unrestricted,0.8508,0.0,0.4254
gemma_4_e4b,1707,unrestricted,0.0367,0.0,0.0184
gemma_4_e4b,1708,unrestricted,0.8506,0.0,0.4253
gemma_4_e4b,1709,unrestricted,0.8461,0.0,0.423
gemma_4_e4b,1710,unrestricted,0.4406,0.0,0.2203
gemma_4_e4b,1711,unrestricted,0.9037,0.0,0.4518
gemma_4_e4b,1712,unrestricted,0.5455,0.0213,0.2834
gemma_4_e4b,1713,unrestricted,0.6399,0.0,0.32
gemma_4_e4b,1714,unrestricted,0.9722,0.0,0.4861
gemma_4_e4b,1715,unrestricted,0.7311,0.0,0.3656
gemma_4_e4b,1716,unrestricted,0.8671,0.0,0.4336
gemma_4_e4b,1717,unrestricted,0.9617,0.0,0.4809
gemma_4_e4b,1718,unrestricted,0.9668,0.0,0.4834
gemma_4_e4b,1719,unrestricted,0.785,0.0,0.3925
gemma_4_e4b,1720,unrestricted,0.9544,0.0,0.4772
gemma_4_e4b,1721,unrestricted,0.1991,0.0,0.0996
gemma_4_e4b,1722,unrestricted,0.8972,0.0,0.4486
gemma_4_e4b,1723,unrestricted,0.9365,0.0,0.4683
gemma_4_e4b,1724,unrestricted,0.835,0.0,0.4175
gemma_4_e4b,1725,unrestricted,0.9043,0.0,0.4522
gemma_4_e4b,1726,unrestricted,0.8519,0.0,0.4259
gemma_4_e4b,1727,unrestricted,0.2782,0.0,0.1391
gemma_4_e4b,1728,unrestricted,0.8715,0.0,0.4358
gemma_4_e4b,1729,unrestricted,0.8647,0.0,0.4323
gemma_4_e4b,1730,unrestricted,0.82,0.0,0.41
gemma_4_e4b,1731,unrestricted,0.9223,0.0267,0.4745
gemma_4_e4b,1732,unrestricted,0.8973,0.0116,0.4545
gemma_4_e4b,1733,unrestricted,0.7994,0.0,0.3997
gemma_4_e4b,1734,unrestricted,0.3737,0.0,0.1868
gemma_4_e4b,1735,unrestricted,0.2553,0.0,0.1276
gemma_4_e4b,1736,unrestricted,0.2735,0.0,0.1368
gemma_4_e4b,1737,unrestricted,0.2526,0.0,0.1263
gemma_4_e4b,1738,unrestricted,0.8765,0.0,0.4383
gemma_4_e4b,1739,unrestricted,0.2918,0.0,0.1459
gemma_4_e4b,1740,unrestricted,0.8086,0.0,0.4043
gemma_4_e4b,1741,unrestricted,0.2305,0.0,0.1152
gemma_4_e4b,1742,unrestricted,0.3853,0.0,0.1927
gemma_4_e4b,1743,unrestricted,0.5047,0.0,0.2523
gemma_4_e4b,1744,unrestricted,0.4754,0.0,0.2377
gemma_4_e4b,1745,unrestricted,0.3554,0.0,0.1777
gemma_4_e4b,1746,unrestricted,0.3626,0.0,0.1813
gemma_4_e4b,1747,unrestricted,0.4039,0.0,0.2019
gemma_4_e4b,1748,unrestricted,0.2394,0.0,0.1197
gemma_4_e4b,1749,unrestricted,0.2671,0.0,0.1336
gemma_4_e4b,1750,unrestricted,0.3571,0.0,0.1786
gemma_4_e4b,1751,unrestricted,0.5177,0.0,0.2589
gemma_4_e4b,1752,unrestricted,0.2554,0.0,0.1277
gemma_4_e4b,1753,unrestricted,0.4555,0.0,0.2277
gemma_4_e4b,1754,unrestricted,0.4587,0.0,0.2294
gemma_4_e4b,1755,unrestricted,0.4715,0.0,0.2357
gemma_4_e4b,1756,unrestricted,0.2956,0.0,0.1478
gemma_4_e4b,1757,unrestricted,0.4916,0.0,0.2458
gemma_4_e4b,1758,unrestricted,0.2546,0.0,0.1273
gemma_4_e4b,1759,unrestricted,0.9188,0.0,0.4594
gemma_4_e4b,1760,unrestricted,0.876,0.0,0.438
gemma_4_e4b,1761,unrestricted,0.2429,0.0,0.1214
gemma_4_e4b,1762,unrestricted,0.2857,0.0,0.1429
gemma_4_e4b,1763,unrestricted,0.2646,0.0,0.1323
gemma_4_e4b,1764,unrestricted,0.2665,0.0,0.1332
gemma_4_e4b,1765,unrestricted,0.4124,0.0,0.2062
gemma_4_e4b,1766,unrestricted,0.8858,0.0,0.4429
gemma_4_e4b,1767,unrestricted,0.4912,0.0,0.2456
gemma_4_e4b,1768,unrestricted,0.4155,0.0,0.2077
gemma_4_e4b,1769,unrestricted,0.4867,0.0,0.2433
gemma_4_e4b,1770,unrestricted,0.3367,0.0,0.1684
gemma_4_e4b,1771,unrestricted,0.2563,0.0,0.1282
gemma_4_e4b,1772,unrestricted,0.3908,0.0,0.1954
gemma_4_e4b,1773,unrestricted,0.2542,0.0,0.1271
gemma_4_e4b,1774,unrestricted,0.4671,0.0,0.2335
gemma_4_e4b,1775,unrestricted,0.3269,0.0,0.1634
gemma_4_e4b,1776,unrestricted,0.4394,0.0,0.2197
gemma_4_e4b,1777,unrestricted,0.9614,0.0,0.4807
gemma_4_e4b,1778,unrestricted,0.2497,0.0,0.1249
gemma_4_e4b,1779,unrestricted,0.4708,0.0,0.2354
gemma_4_e4b,1780,unrestricted,0.0147,0.0,0.0073
gemma_4_e4b,1781,unrestricted,0.2344,0.0,0.1172
gemma_4_e4b,1782,unrestricted,0.8631,0.0,0.4316
gemma_4_e4b,1783,unrestricted,0.2958,0.0,0.1479
gemma_4_e4b,1784,unrestricted,0.4401,0.0,0.2201
gemma_4_e4b,1785,unrestricted,0.9059,0.0,0.4529
gemma_4_e4b,1786,unrestricted,0.3676,0.0,0.1838
gemma_4_e4b,1787,unrestricted,0.3164,0.0,0.1582
gemma_4_e4b,1788,unrestricted,0.4576,0.0,0.2288
gemma_4_e4b,1789,unrestricted,0.2788,0.0,0.1394
gemma_4_e4b,1790,unrestricted,0.2387,0.0,0.1193
gemma_4_e4b,1791,unrestricted,0.2892,0.0,0.1446
gemma_4_e4b,1792,unrestricted,0.278,0.0,0.139
gemma_4_e4b,1793,unrestricted,0.2582,0.0,0.1291
gemma_4_e4b,1794,unrestricted,0.3221,0.0,0.161
gemma_4_e4b,1795,unrestricted,0.0135,0.0,0.0068
gemma_4_e4b,1796,unrestricted,0.2602,0.0,0.1301
gemma_4_e4b,1797,unrestricted,0.8035,0.0,0.4017
gemma_4_e4b,1798,unrestricted,0.2784,0.0,0.1392
gemma_4_e4b,1799,unrestricted,0.3668,0.0,0.1834
gemma_4_e2b,0,baseline,,,
gemma_4_e2b,1,baseline,,,
gemma_4_e2b,2,baseline,,,
gemma_4_e2b,3,baseline,,,
gemma_4_e2b,4,baseline,,,
gemma_4_e2b,5,baseline,,,
gemma_4_e2b,6,baseline,,,
gemma_4_e2b,7,baseline,,,
gemma_4_e2b,8,baseline,,,
gemma_4_e2b,9,baseline,,,
gemma_4_e2b,10,baseline,,,
gemma_4_e2b,11,baseline,,,
gemma_4_e2b,12,baseline,,,
gemma_4_e2b,13,baseline,,,
gemma_4_e2b,14,baseline,,,
gemma_4_e2b,15,baseline,0.0391,0.0,0.0195
gemma_4_e2b,16,baseline,,,
gemma_4_e2b,17,baseline,,,
gemma_4_e2b,18,baseline,0.0429,0.0,0.0214
gemma_4_e2b,19,baseline,,,
gemma_4_e2b,20,baseline,,,
gemma_4_e2b,21,baseline,,,
gemma_4_e2b,22,baseline,,,
gemma_4_e2b,23,baseline,,,
gemma_4_e2b,24,baseline,,,
gemma_4_e2b,25,baseline,,,
gemma_4_e2b,26,baseline,,,
gemma_4_e2b,27,baseline,,,
gemma_4_e2b,28,baseline,,,
gemma_4_e2b,29,baseline,0.0237,0.0,0.0119
gemma_4_e2b,30,baseline,,,
gemma_4_e2b,31,baseline,,,
gemma_4_e2b,32,baseline,,,
gemma_4_e2b,33,baseline,,,
gemma_4_e2b,34,baseline,,,
gemma_4_e2b,35,baseline,,,
gemma_4_e2b,36,baseline,,,
gemma_4_e2b,37,baseline,,,
gemma_4_e2b,38,baseline,,,
gemma_4_e2b,39,baseline,,,
gemma_4_e2b,40,baseline,,,
gemma_4_e2b,41,baseline,,,
gemma_4_e2b,42,baseline,0.0124,0.0,0.0062
gemma_4_e2b,43,baseline,,,
gemma_4_e2b,44,baseline,,,
gemma_4_e2b,45,baseline,,,
gemma_4_e2b,46,baseline,,,
gemma_4_e2b,47,baseline,,,
gemma_4_e2b,48,baseline,,,
gemma_4_e2b,49,baseline,,,
gemma_4_e2b,50,baseline,,,
gemma_4_e2b,51,baseline,,,
gemma_4_e2b,52,baseline,,,
gemma_4_e2b,53,baseline,,,
gemma_4_e2b,54,baseline,,,
gemma_4_e2b,55,baseline,,,
gemma_4_e2b,56,baseline,,,
gemma_4_e2b,57,baseline,,,
gemma_4_e2b,58,baseline,,,
gemma_4_e2b,59,baseline,,,
gemma_4_e2b,60,baseline,,,
gemma_4_e2b,61,baseline,,,
gemma_4_e2b,62,baseline,,,
gemma_4_e2b,63,baseline,,,
gemma_4_e2b,64,baseline,,,
gemma_4_e2b,65,baseline,,,
gemma_4_e2b,66,baseline,,,
gemma_4_e2b,67,baseline,,,
gemma_4_e2b,68,baseline,,,
gemma_4_e2b,69,baseline,,,
gemma_4_e2b,70,baseline,,,
gemma_4_e2b,71,baseline,,,
gemma_4_e2b,72,baseline,,,
gemma_4_e2b,73,baseline,0.032,0.0,0.016
gemma_4_e2b,74,baseline,,,
gemma_4_e2b,75,baseline,,,
gemma_4_e2b,76,baseline,,,
gemma_4_e2b,77,baseline,,,
gemma_4_e2b,78,baseline,,,
gemma_4_e2b,79,baseline,,,
gemma_4_e2b,80,baseline,,,
gemma_4_e2b,81,baseline,,,
gemma_4_e2b,82,baseline,,,
gemma_4_e2b,83,baseline,,,
gemma_4_e2b,84,baseline,0.2439,0.0,0.122
gemma_4_e2b,85,baseline,,,
gemma_4_e2b,86,baseline,,,
gemma_4_e2b,87,baseline,,,
gemma_4_e2b,88,baseline,,,
gemma_4_e2b,89,baseline,,,
gemma_4_e2b,90,baseline,,,
gemma_4_e2b,91,baseline,,,
gemma_4_e2b,92,baseline,0.1699,0.0,0.0849
gemma_4_e2b,93,baseline,0.0246,0.0,0.0123
gemma_4_e2b,94,baseline,,,
gemma_4_e2b,95,baseline,,,
gemma_4_e2b,96,baseline,,,
gemma_4_e2b,97,baseline,,,
gemma_4_e2b,98,baseline,,,
gemma_4_e2b,99,baseline,,,
gemma_4_e2b,100,baseline,,,
gemma_4_e2b,101,baseline,,,
gemma_4_e2b,102,baseline,,,
gemma_4_e2b,103,baseline,,,
gemma_4_e2b,104,baseline,,,
gemma_4_e2b,105,baseline,,,
gemma_4_e2b,106,baseline,,,
gemma_4_e2b,107,baseline,,,
gemma_4_e2b,108,baseline,,,
gemma_4_e2b,109,baseline,,,
gemma_4_e2b,110,baseline,,,
gemma_4_e2b,111,baseline,,,
gemma_4_e2b,112,baseline,,,
gemma_4_e2b,113,baseline,,,
gemma_4_e2b,114,baseline,0.9,0.0,0.45
gemma_4_e2b,115,baseline,,,
gemma_4_e2b,116,baseline,,,
gemma_4_e2b,117,baseline,,,
gemma_4_e2b,118,baseline,,,
gemma_4_e2b,119,baseline,,,
gemma_4_e2b,120,baseline,,,
gemma_4_e2b,121,baseline,,,
gemma_4_e2b,122,baseline,,,
gemma_4_e2b,123,baseline,,,
gemma_4_e2b,124,baseline,,,
gemma_4_e2b,125,baseline,,,
gemma_4_e2b,126,baseline,,,
gemma_4_e2b,127,baseline,,,
gemma_4_e2b,128,baseline,,,
gemma_4_e2b,129,baseline,,,
gemma_4_e2b,130,baseline,,,
gemma_4_e2b,131,baseline,,,
gemma_4_e2b,132,baseline,0.0512,0.2,0.1256
gemma_4_e2b,133,baseline,,,
gemma_4_e2b,134,baseline,,,
gemma_4_e2b,135,baseline,,,
gemma_4_e2b,136,baseline,,,
gemma_4_e2b,137,baseline,,,
gemma_4_e2b,138,baseline,,,
gemma_4_e2b,139,baseline,,,
gemma_4_e2b,140,baseline,,,
gemma_4_e2b,141,baseline,,,
gemma_4_e2b,142,baseline,,,
gemma_4_e2b,143,baseline,,,
gemma_4_e2b,144,baseline,,,
gemma_4_e2b,145,baseline,,,
gemma_4_e2b,146,baseline,,,
gemma_4_e2b,147,baseline,,,
gemma_4_e2b,148,baseline,,,
gemma_4_e2b,149,baseline,,,
gemma_4_e2b,150,baseline,,,
gemma_4_e2b,151,baseline,,,
gemma_4_e2b,152,baseline,,,
gemma_4_e2b,153,baseline,,,
gemma_4_e2b,154,baseline,,,
gemma_4_e2b,155,baseline,,,
gemma_4_e2b,156,baseline,,,
gemma_4_e2b,157,baseline,0.6206,0.0,0.3103
gemma_4_e2b,158,baseline,,,
gemma_4_e2b,159,baseline,,,
gemma_4_e2b,160,baseline,,,
gemma_4_e2b,161,baseline,,,
gemma_4_e2b,162,baseline,,,
gemma_4_e2b,163,baseline,,,
gemma_4_e2b,164,baseline,,,
gemma_4_e2b,165,baseline,,,
gemma_4_e2b,166,baseline,,,
gemma_4_e2b,167,baseline,,,
gemma_4_e2b,168,baseline,,,
gemma_4_e2b,169,baseline,,,
gemma_4_e2b,170,baseline,,,
gemma_4_e2b,171,baseline,,,
gemma_4_e2b,172,baseline,0.0375,0.0,0.0187
gemma_4_e2b,173,baseline,,,
gemma_4_e2b,174,baseline,,,
gemma_4_e2b,175,baseline,,,
gemma_4_e2b,176,baseline,,,
gemma_4_e2b,177,baseline,,,
gemma_4_e2b,178,baseline,,,
gemma_4_e2b,179,baseline,0.0281,0.0,0.0141
gemma_4_e2b,180,baseline,,,
gemma_4_e2b,181,baseline,,,
gemma_4_e2b,182,baseline,,,
gemma_4_e2b,183,baseline,,,
gemma_4_e2b,184,baseline,,,
gemma_4_e2b,185,baseline,,,
gemma_4_e2b,186,baseline,,,
gemma_4_e2b,187,baseline,,,
gemma_4_e2b,188,baseline,,,
gemma_4_e2b,189,baseline,,,
gemma_4_e2b,190,baseline,,,
gemma_4_e2b,191,baseline,,,
gemma_4_e2b,192,baseline,0.026,0.0,0.013
gemma_4_e2b,193,baseline,,,
gemma_4_e2b,194,baseline,,,
gemma_4_e2b,195,baseline,,,
gemma_4_e2b,196,baseline,,,
gemma_4_e2b,197,baseline,0.0247,0.0,0.0124
gemma_4_e2b,198,baseline,,,
gemma_4_e2b,199,baseline,,,
gemma_4_e2b,200,baseline,0.5862,0.0,0.2931
gemma_4_e2b,201,baseline,,,
gemma_4_e2b,202,baseline,,,
gemma_4_e2b,203,baseline,,,
gemma_4_e2b,204,baseline,,,
gemma_4_e2b,205,baseline,,,
gemma_4_e2b,206,baseline,,,
gemma_4_e2b,207,baseline,,,
gemma_4_e2b,208,baseline,,,
gemma_4_e2b,209,baseline,,,
gemma_4_e2b,210,baseline,,,
gemma_4_e2b,211,baseline,,,
gemma_4_e2b,212,baseline,,,
gemma_4_e2b,213,baseline,,,
gemma_4_e2b,214,baseline,,,
gemma_4_e2b,215,baseline,,,
gemma_4_e2b,216,baseline,,,
gemma_4_e2b,217,baseline,,,
gemma_4_e2b,218,baseline,,,
gemma_4_e2b,219,baseline,,,
gemma_4_e2b,220,baseline,,,
gemma_4_e2b,221,baseline,,,
gemma_4_e2b,222,baseline,,,
gemma_4_e2b,223,baseline,,,
gemma_4_e2b,224,baseline,,,
gemma_4_e2b,225,baseline,,,
gemma_4_e2b,226,baseline,,,
gemma_4_e2b,227,baseline,,,
gemma_4_e2b,228,baseline,,,
gemma_4_e2b,229,baseline,,,
gemma_4_e2b,230,baseline,,,
gemma_4_e2b,231,baseline,0.018,0.0,0.009
gemma_4_e2b,232,baseline,,,
gemma_4_e2b,233,baseline,,,
gemma_4_e2b,234,baseline,,,
gemma_4_e2b,235,baseline,,,
gemma_4_e2b,236,baseline,,,
gemma_4_e2b,237,baseline,0.0095,0.0,0.0047
gemma_4_e2b,238,baseline,,,
gemma_4_e2b,239,baseline,,,
gemma_4_e2b,240,baseline,,,
gemma_4_e2b,241,baseline,,,
gemma_4_e2b,242,baseline,,,
gemma_4_e2b,243,baseline,,,
gemma_4_e2b,244,baseline,0.0205,0.0,0.0102
gemma_4_e2b,245,baseline,,,
gemma_4_e2b,246,baseline,,,
gemma_4_e2b,247,baseline,,,
gemma_4_e2b,248,baseline,0.022,0.0,0.011
gemma_4_e2b,249,baseline,,,
gemma_4_e2b,250,baseline,,,
gemma_4_e2b,251,baseline,,,
gemma_4_e2b,252,baseline,,,
gemma_4_e2b,253,baseline,,,
gemma_4_e2b,254,baseline,,,
gemma_4_e2b,255,baseline,0.0189,0.0,0.0095
gemma_4_e2b,256,baseline,,,
gemma_4_e2b,257,baseline,,,
gemma_4_e2b,258,baseline,,,
gemma_4_e2b,259,baseline,,,
gemma_4_e2b,260,baseline,,,
gemma_4_e2b,261,baseline,,,
gemma_4_e2b,262,baseline,,,
gemma_4_e2b,263,baseline,,,
gemma_4_e2b,264,baseline,0.0137,0.5,0.2568
gemma_4_e2b,265,baseline,,,
gemma_4_e2b,266,baseline,,,
gemma_4_e2b,267,baseline,,,
gemma_4_e2b,268,baseline,,,
gemma_4_e2b,269,baseline,,,
gemma_4_e2b,270,baseline,,,
gemma_4_e2b,271,baseline,0.0247,0.3333,0.179
gemma_4_e2b,272,baseline,,,
gemma_4_e2b,273,baseline,,,
gemma_4_e2b,274,baseline,,,
gemma_4_e2b,275,baseline,,,
gemma_4_e2b,276,baseline,,,
gemma_4_e2b,277,baseline,,,
gemma_4_e2b,278,baseline,,,
gemma_4_e2b,279,baseline,,,
gemma_4_e2b,280,baseline,,,
gemma_4_e2b,281,baseline,,,
gemma_4_e2b,282,baseline,,,
gemma_4_e2b,283,baseline,,,
gemma_4_e2b,284,baseline,,,
gemma_4_e2b,285,baseline,,,
gemma_4_e2b,286,baseline,,,
gemma_4_e2b,287,baseline,,,
gemma_4_e2b,288,baseline,,,
gemma_4_e2b,289,baseline,,,
gemma_4_e2b,290,baseline,,,
gemma_4_e2b,291,baseline,,,
gemma_4_e2b,292,baseline,,,
gemma_4_e2b,293,baseline,,,
gemma_4_e2b,294,baseline,,,
gemma_4_e2b,295,baseline,,,
gemma_4_e2b,296,baseline,,,
gemma_4_e2b,297,baseline,,,
gemma_4_e2b,298,baseline,,,
gemma_4_e2b,299,baseline,,,
gemma_4_e2b,300,baseline,,,
gemma_4_e2b,301,baseline,,,
gemma_4_e2b,302,baseline,,,
gemma_4_e2b,303,baseline,,,
gemma_4_e2b,304,baseline,,,
gemma_4_e2b,305,baseline,0.0473,0.0,0.0236
gemma_4_e2b,306,baseline,,,
gemma_4_e2b,307,baseline,0.0195,0.0,0.0098
gemma_4_e2b,308,baseline,,,
gemma_4_e2b,309,baseline,,,
gemma_4_e2b,310,baseline,,,
gemma_4_e2b,311,baseline,,,
gemma_4_e2b,312,baseline,,,
gemma_4_e2b,313,baseline,,,
gemma_4_e2b,314,baseline,,,
gemma_4_e2b,315,baseline,,,
gemma_4_e2b,316,baseline,,,
gemma_4_e2b,317,baseline,,,
gemma_4_e2b,318,baseline,,,
gemma_4_e2b,319,baseline,,,
gemma_4_e2b,320,baseline,,,
gemma_4_e2b,321,baseline,0.0265,0.0,0.0133
gemma_4_e2b,322,baseline,,,
gemma_4_e2b,323,baseline,,,
gemma_4_e2b,324,baseline,0.0527,0.0,0.0263
gemma_4_e2b,325,baseline,,,
gemma_4_e2b,326,baseline,,,
gemma_4_e2b,327,baseline,0.0639,0.0,0.0319
gemma_4_e2b,328,baseline,,,
gemma_4_e2b,329,baseline,,,
gemma_4_e2b,330,baseline,,,
gemma_4_e2b,331,baseline,,,
gemma_4_e2b,332,baseline,,,
gemma_4_e2b,333,baseline,,,
gemma_4_e2b,334,baseline,,,
gemma_4_e2b,335,baseline,,,
gemma_4_e2b,336,baseline,0.8333,0.0,0.4167
gemma_4_e2b,337,baseline,,,
gemma_4_e2b,338,baseline,,,
gemma_4_e2b,339,baseline,,,
gemma_4_e2b,340,baseline,,,
gemma_4_e2b,341,baseline,,,
gemma_4_e2b,342,baseline,0.026,0.0,0.013
gemma_4_e2b,343,baseline,,,
gemma_4_e2b,344,baseline,,,
gemma_4_e2b,345,baseline,,,
gemma_4_e2b,346,baseline,,,
gemma_4_e2b,347,baseline,,,
gemma_4_e2b,348,baseline,,,
gemma_4_e2b,349,baseline,,,
gemma_4_e2b,350,baseline,,,
gemma_4_e2b,351,baseline,,,
gemma_4_e2b,352,baseline,0.8261,0.0,0.413
gemma_4_e2b,353,baseline,,,
gemma_4_e2b,354,baseline,,,
gemma_4_e2b,355,baseline,,,
gemma_4_e2b,356,baseline,,,
gemma_4_e2b,357,baseline,,,
gemma_4_e2b,358,baseline,,,
gemma_4_e2b,359,baseline,,,
gemma_4_e2b,360,baseline,,,
gemma_4_e2b,361,baseline,,,
gemma_4_e2b,362,baseline,,,
gemma_4_e2b,363,baseline,,,
gemma_4_e2b,364,baseline,,,
gemma_4_e2b,365,baseline,,,
gemma_4_e2b,366,baseline,,,
gemma_4_e2b,367,baseline,,,
gemma_4_e2b,368,baseline,,,
gemma_4_e2b,369,baseline,0.7632,0.0,0.3816
gemma_4_e2b,370,baseline,,,
gemma_4_e2b,371,baseline,,,
gemma_4_e2b,372,baseline,,,
gemma_4_e2b,373,baseline,,,
gemma_4_e2b,374,baseline,,,
gemma_4_e2b,375,baseline,0.0405,0.0,0.0203
gemma_4_e2b,376,baseline,0.022,0.0,0.011
gemma_4_e2b,377,baseline,,,
gemma_4_e2b,378,baseline,,,
gemma_4_e2b,379,baseline,,,
gemma_4_e2b,380,baseline,,,
gemma_4_e2b,381,baseline,,,
gemma_4_e2b,382,baseline,,,
gemma_4_e2b,383,baseline,,,
gemma_4_e2b,384,baseline,,,
gemma_4_e2b,385,baseline,,,
gemma_4_e2b,386,baseline,,,
gemma_4_e2b,387,baseline,,,
gemma_4_e2b,388,baseline,,,
gemma_4_e2b,389,baseline,,,
gemma_4_e2b,390,baseline,,,
gemma_4_e2b,391,baseline,,,
gemma_4_e2b,392,baseline,,,
gemma_4_e2b,393,baseline,,,
gemma_4_e2b,394,baseline,,,
gemma_4_e2b,395,baseline,,,
gemma_4_e2b,396,baseline,,,
gemma_4_e2b,397,baseline,,,
gemma_4_e2b,398,baseline,,,
gemma_4_e2b,399,baseline,,,
gemma_4_e2b,400,baseline,0.8824,0.0,0.4412
gemma_4_e2b,401,baseline,,,
gemma_4_e2b,402,baseline,0.4665,0.0,0.2332
gemma_4_e2b,403,baseline,,,
gemma_4_e2b,404,baseline,0.3043,0.0,0.1522
gemma_4_e2b,405,baseline,,,
gemma_4_e2b,406,baseline,,,
gemma_4_e2b,407,baseline,,,
gemma_4_e2b,408,baseline,0.8421,0.0,0.4211
gemma_4_e2b,409,baseline,,,
gemma_4_e2b,410,baseline,0.0156,0.0,0.0078
gemma_4_e2b,411,baseline,0.0156,0.0,0.0078
gemma_4_e2b,412,baseline,,,
gemma_4_e2b,413,baseline,,,
gemma_4_e2b,414,baseline,,,
gemma_4_e2b,415,baseline,,,
gemma_4_e2b,416,baseline,,,
gemma_4_e2b,417,baseline,0.0251,0.0,0.0126
gemma_4_e2b,418,baseline,,,
gemma_4_e2b,419,baseline,,,
gemma_4_e2b,420,baseline,,,
gemma_4_e2b,421,baseline,,,
gemma_4_e2b,422,baseline,0.0187,0.0,0.0094
gemma_4_e2b,423,baseline,0.8667,0.0,0.4333
gemma_4_e2b,424,baseline,0.0181,0.0,0.0091
gemma_4_e2b,425,baseline,0.0212,0.0,0.0106
gemma_4_e2b,426,baseline,,,
gemma_4_e2b,427,baseline,,,
gemma_4_e2b,428,baseline,,,
gemma_4_e2b,429,baseline,,,
gemma_4_e2b,430,baseline,0.6111,0.0,0.3056
gemma_4_e2b,431,baseline,,,
gemma_4_e2b,432,baseline,,,
gemma_4_e2b,433,baseline,,,
gemma_4_e2b,434,baseline,,,
gemma_4_e2b,435,baseline,,,
gemma_4_e2b,436,baseline,0.7391,0.0,0.3696
gemma_4_e2b,437,baseline,,,
gemma_4_e2b,438,baseline,,,
gemma_4_e2b,439,baseline,0.0456,0.0,0.0228
gemma_4_e2b,440,baseline,0.0137,0.0,0.0068
gemma_4_e2b,441,baseline,,,
gemma_4_e2b,442,baseline,,,
gemma_4_e2b,443,baseline,,,
gemma_4_e2b,444,baseline,,,
gemma_4_e2b,445,baseline,,,
gemma_4_e2b,446,baseline,0.0743,0.0,0.0371
gemma_4_e2b,447,baseline,,,
gemma_4_e2b,448,baseline,,,
gemma_4_e2b,449,baseline,0.8125,0.0,0.4062
gemma_4_e2b,450,baseline,,,
gemma_4_e2b,451,baseline,,,
gemma_4_e2b,452,baseline,,,
gemma_4_e2b,453,baseline,,,
gemma_4_e2b,454,baseline,0.65,0.0,0.325
gemma_4_e2b,455,baseline,1.0,0.0,0.5
gemma_4_e2b,456,baseline,,,
gemma_4_e2b,457,baseline,,,
gemma_4_e2b,458,baseline,0.0158,0.0,0.0079
gemma_4_e2b,459,baseline,,,
gemma_4_e2b,460,baseline,0.0156,0.0,0.0078
gemma_4_e2b,461,baseline,0.7667,0.0,0.3833
gemma_4_e2b,462,baseline,0.5333,0.0,0.2667
gemma_4_e2b,463,baseline,,,
gemma_4_e2b,464,baseline,,,
gemma_4_e2b,465,baseline,,,
gemma_4_e2b,466,baseline,,,
gemma_4_e2b,467,baseline,0.2847,0.0,0.1424
gemma_4_e2b,468,baseline,,,
gemma_4_e2b,469,baseline,,,
gemma_4_e2b,470,baseline,,,
gemma_4_e2b,471,baseline,0.0391,0.0,0.0195
gemma_4_e2b,472,baseline,0.049,0.069,0.059
gemma_4_e2b,473,baseline,,,
gemma_4_e2b,474,baseline,,,
gemma_4_e2b,475,baseline,,,
gemma_4_e2b,476,baseline,0.4524,0.0,0.2262
gemma_4_e2b,477,baseline,0.1579,0.0,0.0789
gemma_4_e2b,478,baseline,,,
gemma_4_e2b,479,baseline,,,
gemma_4_e2b,480,baseline,,,
gemma_4_e2b,481,baseline,,,
gemma_4_e2b,482,baseline,,,
gemma_4_e2b,483,baseline,,,
gemma_4_e2b,484,baseline,,,
gemma_4_e2b,485,baseline,,,
gemma_4_e2b,486,baseline,0.5,0.0,0.25
gemma_4_e2b,487,baseline,0.3584,0.0385,0.1984
gemma_4_e2b,488,baseline,,,
gemma_4_e2b,489,baseline,,,
gemma_4_e2b,490,baseline,0.75,0.0,0.375
gemma_4_e2b,491,baseline,,,
gemma_4_e2b,492,baseline,,,
gemma_4_e2b,493,baseline,,,
gemma_4_e2b,494,baseline,,,
gemma_4_e2b,495,baseline,0.6842,0.0,0.3421
gemma_4_e2b,496,baseline,,,
gemma_4_e2b,497,baseline,,,
gemma_4_e2b,498,baseline,,,
gemma_4_e2b,499,baseline,,,
gemma_4_e2b,500,baseline,,,
gemma_4_e2b,501,baseline,,,
gemma_4_e2b,502,baseline,0.875,0.0,0.4375
gemma_4_e2b,503,baseline,,,
gemma_4_e2b,504,baseline,,,
gemma_4_e2b,505,baseline,0.1711,0.0,0.0855
gemma_4_e2b,506,baseline,,,
gemma_4_e2b,507,baseline,0.65,0.0,0.325
gemma_4_e2b,508,baseline,,,
gemma_4_e2b,509,baseline,,,
gemma_4_e2b,510,baseline,,,
gemma_4_e2b,511,baseline,,,
gemma_4_e2b,512,baseline,0.8824,0.0,0.4412
gemma_4_e2b,513,baseline,,,
gemma_4_e2b,514,baseline,,,
gemma_4_e2b,515,baseline,,,
gemma_4_e2b,516,baseline,,,
gemma_4_e2b,517,baseline,,,
gemma_4_e2b,518,baseline,,,
gemma_4_e2b,519,baseline,,,
gemma_4_e2b,520,baseline,,,
gemma_4_e2b,521,baseline,0.0172,0.0,0.0086
gemma_4_e2b,522,baseline,,,
gemma_4_e2b,523,baseline,,,
gemma_4_e2b,524,baseline,,,
gemma_4_e2b,525,baseline,0.5172,0.0,0.2586
gemma_4_e2b,526,baseline,0.375,0.0,0.1875
gemma_4_e2b,527,baseline,0.0758,0.0,0.0379
gemma_4_e2b,528,baseline,,,
gemma_4_e2b,529,baseline,,,
gemma_4_e2b,530,baseline,0.15,0.0,0.075
gemma_4_e2b,531,baseline,,,
gemma_4_e2b,532,baseline,,,
gemma_4_e2b,533,baseline,,,
gemma_4_e2b,534,baseline,,,
gemma_4_e2b,535,baseline,,,
gemma_4_e2b,536,baseline,0.2917,0.0,0.1458
gemma_4_e2b,537,baseline,,,
gemma_4_e2b,538,baseline,,,
gemma_4_e2b,539,baseline,0.8889,0.0,0.4444
gemma_4_e2b,540,baseline,,,
gemma_4_e2b,541,baseline,,,
gemma_4_e2b,542,baseline,0.0237,0.0,0.0119
gemma_4_e2b,543,baseline,,,
gemma_4_e2b,544,baseline,,,
gemma_4_e2b,545,baseline,,,
gemma_4_e2b,546,baseline,,,
gemma_4_e2b,547,baseline,,,
gemma_4_e2b,548,baseline,,,
gemma_4_e2b,549,baseline,,,
gemma_4_e2b,550,baseline,,,
gemma_4_e2b,551,baseline,,,
gemma_4_e2b,552,baseline,,,
gemma_4_e2b,553,baseline,,,
gemma_4_e2b,554,baseline,,,
gemma_4_e2b,555,baseline,,,
gemma_4_e2b,556,baseline,0.9,0.0,0.45
gemma_4_e2b,557,baseline,,,
gemma_4_e2b,558,baseline,,,
gemma_4_e2b,559,baseline,0.8008,0.0,0.4004
gemma_4_e2b,560,baseline,,,
gemma_4_e2b,561,baseline,,,
gemma_4_e2b,562,baseline,,,
gemma_4_e2b,563,baseline,,,
gemma_4_e2b,564,baseline,,,
gemma_4_e2b,565,baseline,0.9579,0.0,0.479
gemma_4_e2b,566,baseline,0.9048,0.0,0.4524
gemma_4_e2b,567,baseline,,,
gemma_4_e2b,568,baseline,0.8754,0.0,0.4377
gemma_4_e2b,569,baseline,0.0404,0.0,0.0202
gemma_4_e2b,570,baseline,0.5897,0.0,0.2949
gemma_4_e2b,571,baseline,,,
gemma_4_e2b,572,baseline,0.0239,0.0,0.0119
gemma_4_e2b,573,baseline,0.2462,0.0,0.1231
gemma_4_e2b,574,baseline,,,
gemma_4_e2b,575,baseline,,,
gemma_4_e2b,576,baseline,,,
gemma_4_e2b,577,baseline,0.3142,0.0,0.1571
gemma_4_e2b,578,baseline,0.9,0.0,0.45
gemma_4_e2b,579,baseline,,,
gemma_4_e2b,580,baseline,,,
gemma_4_e2b,581,baseline,,,
gemma_4_e2b,582,baseline,0.7143,0.0,0.3571
gemma_4_e2b,583,baseline,,,
gemma_4_e2b,584,baseline,0.0225,0.0,0.0113
gemma_4_e2b,585,baseline,,,
gemma_4_e2b,586,baseline,,,
gemma_4_e2b,587,baseline,0.035,0.0,0.0175
gemma_4_e2b,588,baseline,,,
gemma_4_e2b,589,baseline,,,
gemma_4_e2b,590,baseline,0.8889,0.0,0.4444
gemma_4_e2b,591,baseline,,,
gemma_4_e2b,592,baseline,,,
gemma_4_e2b,593,baseline,,,
gemma_4_e2b,594,baseline,,,
gemma_4_e2b,595,baseline,,,
gemma_4_e2b,596,baseline,0.8421,0.0,0.4211
gemma_4_e2b,597,baseline,0.0222,0.0,0.0111
gemma_4_e2b,598,baseline,,,
gemma_4_e2b,599,baseline,,,
gemma_4_e2b,600,storytelling,0.9782,0.0,0.4891
gemma_4_e2b,601,storytelling,,,
gemma_4_e2b,602,storytelling,,,
gemma_4_e2b,603,storytelling,0.9642,0.0,0.4821
gemma_4_e2b,604,storytelling,0.8975,0.0,0.4487
gemma_4_e2b,605,storytelling,0.9538,0.0,0.4769
gemma_4_e2b,606,storytelling,,,
gemma_4_e2b,607,storytelling,,,
gemma_4_e2b,608,storytelling,0.8539,0.0094,0.4316
gemma_4_e2b,609,storytelling,0.8658,0.0,0.4329
gemma_4_e2b,610,storytelling,0.8788,0.0,0.4394
gemma_4_e2b,611,storytelling,,,
gemma_4_e2b,612,storytelling,0.7663,0.0,0.3832
gemma_4_e2b,613,storytelling,0.8907,0.0104,0.4505
gemma_4_e2b,614,storytelling,0.9989,0.0,0.4995
gemma_4_e2b,615,storytelling,0.8975,0.0,0.4488
gemma_4_e2b,616,storytelling,0.873,0.0,0.4365
gemma_4_e2b,617,storytelling,0.8734,0.0,0.4367
gemma_4_e2b,618,storytelling,0.8332,0.0,0.4166
gemma_4_e2b,619,storytelling,0.9242,0.0,0.4621
gemma_4_e2b,620,storytelling,0.9172,0.0,0.4586
gemma_4_e2b,621,storytelling,,,
gemma_4_e2b,622,storytelling,0.8986,0.0,0.4493
gemma_4_e2b,623,storytelling,,,
gemma_4_e2b,624,storytelling,0.9361,0.0,0.4681
gemma_4_e2b,625,storytelling,0.0574,0.0,0.0287
gemma_4_e2b,626,storytelling,0.8242,0.0,0.4121
gemma_4_e2b,627,storytelling,0.9107,0.0,0.4554
gemma_4_e2b,628,storytelling,0.8564,0.0,0.4282
gemma_4_e2b,629,storytelling,,,
gemma_4_e2b,630,storytelling,0.8707,0.0,0.4354
gemma_4_e2b,631,storytelling,0.8749,0.0,0.4374
gemma_4_e2b,632,storytelling,0.9427,0.0,0.4713
gemma_4_e2b,633,storytelling,0.8785,0.0,0.4393
gemma_4_e2b,634,storytelling,0.9694,0.0,0.4847
gemma_4_e2b,635,storytelling,0.8745,0.0,0.4372
gemma_4_e2b,636,storytelling,,,
gemma_4_e2b,637,storytelling,0.9927,0.0,0.4963
gemma_4_e2b,638,storytelling,,,
gemma_4_e2b,639,storytelling,0.8776,0.0,0.4388
gemma_4_e2b,640,storytelling,0.8915,0.011,0.4512
gemma_4_e2b,641,storytelling,0.9152,0.0,0.4576
gemma_4_e2b,642,storytelling,0.8616,0.0,0.4308
gemma_4_e2b,643,storytelling,0.601,0.0,0.3005
gemma_4_e2b,644,storytelling,0.7993,0.0,0.3996
gemma_4_e2b,645,storytelling,,,
gemma_4_e2b,646,storytelling,0.93,0.0123,0.4712
gemma_4_e2b,647,storytelling,,,
gemma_4_e2b,648,storytelling,0.9619,0.0,0.481
gemma_4_e2b,649,storytelling,0.8573,0.0,0.4286
gemma_4_e2b,650,storytelling,,,
gemma_4_e2b,651,storytelling,0.9609,0.0,0.4804
gemma_4_e2b,652,storytelling,0.7934,0.0,0.3967
gemma_4_e2b,653,storytelling,0.7692,0.0,0.3846
gemma_4_e2b,654,storytelling,0.9522,0.0,0.4761
gemma_4_e2b,655,storytelling,0.7609,0.0,0.3804
gemma_4_e2b,656,storytelling,0.9404,0.0,0.4702
gemma_4_e2b,657,storytelling,0.6137,0.0,0.3069
gemma_4_e2b,658,storytelling,0.9571,0.0,0.4786
gemma_4_e2b,659,storytelling,0.1111,0.0,0.0556
gemma_4_e2b,660,storytelling,0.7811,0.0,0.3905
gemma_4_e2b,661,storytelling,0.8498,0.0,0.4249
gemma_4_e2b,662,storytelling,0.8104,0.0,0.4052
gemma_4_e2b,663,storytelling,0.0146,0.0,0.0073
gemma_4_e2b,664,storytelling,0.9642,0.0,0.4821
gemma_4_e2b,665,storytelling,0.8209,0.0,0.4104
gemma_4_e2b,666,storytelling,0.6528,0.0,0.3264
gemma_4_e2b,667,storytelling,0.9588,0.0,0.4794
gemma_4_e2b,668,storytelling,0.9407,0.0,0.4704
gemma_4_e2b,669,storytelling,0.815,0.0,0.4075
gemma_4_e2b,670,storytelling,0.9541,0.0111,0.4826
gemma_4_e2b,671,storytelling,0.9205,0.0,0.4603
gemma_4_e2b,672,storytelling,0.656,0.0114,0.3337
gemma_4_e2b,673,storytelling,0.961,0.0,0.4805
gemma_4_e2b,674,storytelling,0.8873,0.0123,0.4498
gemma_4_e2b,675,storytelling,0.9661,0.0,0.4831
gemma_4_e2b,676,storytelling,0.8425,0.0,0.4213
gemma_4_e2b,677,storytelling,0.9369,0.0,0.4685
gemma_4_e2b,678,storytelling,0.8973,0.0128,0.4551
gemma_4_e2b,679,storytelling,0.9617,0.0,0.4808
gemma_4_e2b,680,storytelling,0.8818,0.0,0.4409
gemma_4_e2b,681,storytelling,0.8463,0.0,0.4232
gemma_4_e2b,682,storytelling,0.7653,0.011,0.3882
gemma_4_e2b,683,storytelling,0.8514,0.0118,0.4316
gemma_4_e2b,684,storytelling,0.9292,0.0,0.4646
gemma_4_e2b,685,storytelling,0.948,0.0127,0.4803
gemma_4_e2b,686,storytelling,,,
gemma_4_e2b,687,storytelling,0.012,0.0,0.006
gemma_4_e2b,688,storytelling,0.9609,0.0,0.4805
gemma_4_e2b,689,storytelling,0.8911,0.0,0.4455
gemma_4_e2b,690,storytelling,0.6995,0.0123,0.3559
gemma_4_e2b,691,storytelling,0.7958,0.0116,0.4037
gemma_4_e2b,692,storytelling,0.9799,0.0,0.49
gemma_4_e2b,693,storytelling,0.8042,0.0,0.4021
gemma_4_e2b,694,storytelling,,,
gemma_4_e2b,695,storytelling,0.9965,0.0,0.4983
gemma_4_e2b,696,storytelling,0.9943,0.0,0.4972
gemma_4_e2b,697,storytelling,0.8618,0.0,0.4309
gemma_4_e2b,698,storytelling,0.9749,0.0116,0.4932
gemma_4_e2b,699,storytelling,0.9036,0.0,0.4518
gemma_4_e2b,700,storytelling,0.8364,0.0,0.4182
gemma_4_e2b,701,storytelling,0.9582,0.0119,0.4851
gemma_4_e2b,702,storytelling,0.9109,0.0,0.4554
gemma_4_e2b,703,storytelling,,,
gemma_4_e2b,704,storytelling,0.8558,0.0,0.4279
gemma_4_e2b,705,storytelling,0.8129,0.0,0.4065
gemma_4_e2b,706,storytelling,,,
gemma_4_e2b,707,storytelling,0.8136,0.0,0.4068
gemma_4_e2b,708,storytelling,,,
gemma_4_e2b,709,storytelling,0.9967,0.0123,0.5045
gemma_4_e2b,710,storytelling,0.9322,0.0,0.4661
gemma_4_e2b,711,storytelling,0.974,0.0,0.487
gemma_4_e2b,712,storytelling,0.9827,0.0,0.4914
gemma_4_e2b,713,storytelling,0.9857,0.0,0.4928
gemma_4_e2b,714,storytelling,0.8727,0.0141,0.4434
gemma_4_e2b,715,storytelling,0.8409,0.0,0.4204
gemma_4_e2b,716,storytelling,0.8398,0.0,0.4199
gemma_4_e2b,717,storytelling,0.8467,0.0,0.4234
gemma_4_e2b,718,storytelling,0.9616,0.0,0.4808
gemma_4_e2b,719,storytelling,0.9517,0.0,0.4758
gemma_4_e2b,720,storytelling,0.9799,0.0,0.49
gemma_4_e2b,721,storytelling,0.826,0.0135,0.4198
gemma_4_e2b,722,storytelling,0.7129,0.0,0.3564
gemma_4_e2b,723,storytelling,0.9333,0.0,0.4666
gemma_4_e2b,724,storytelling,0.9955,0.0,0.4978
gemma_4_e2b,725,storytelling,0.9359,0.0,0.468
gemma_4_e2b,726,storytelling,0.9794,0.0,0.4897
gemma_4_e2b,727,storytelling,0.9492,0.0,0.4746
gemma_4_e2b,728,storytelling,0.9793,0.0244,0.5019
gemma_4_e2b,729,storytelling,0.9343,0.0,0.4672
gemma_4_e2b,730,storytelling,0.9746,0.0,0.4873
gemma_4_e2b,731,storytelling,0.9621,0.0132,0.4876
gemma_4_e2b,732,storytelling,0.7473,0.0118,0.3795
gemma_4_e2b,733,storytelling,0.9457,0.0,0.4729
gemma_4_e2b,734,storytelling,0.9584,0.0,0.4792
gemma_4_e2b,735,storytelling,0.0174,0.0,0.0087
gemma_4_e2b,736,storytelling,0.036,0.0,0.018
gemma_4_e2b,737,storytelling,0.0132,0.0,0.0066
gemma_4_e2b,738,storytelling,0.0655,0.0,0.0328
gemma_4_e2b,739,storytelling,0.8198,0.0,0.4099
gemma_4_e2b,740,storytelling,,,
gemma_4_e2b,741,storytelling,0.2051,0.0,0.1026
gemma_4_e2b,742,storytelling,0.5519,0.0,0.2759
gemma_4_e2b,743,storytelling,0.0622,0.0,0.0311
gemma_4_e2b,744,storytelling,,,
gemma_4_e2b,745,storytelling,0.9746,0.0,0.4873
gemma_4_e2b,746,storytelling,0.2222,0.0,0.1111
gemma_4_e2b,747,storytelling,0.0644,0.0,0.0322
gemma_4_e2b,748,storytelling,0.5928,0.0,0.2964
gemma_4_e2b,749,storytelling,0.8761,0.0,0.438
gemma_4_e2b,750,storytelling,0.0262,0.0,0.0131
gemma_4_e2b,751,storytelling,,,
gemma_4_e2b,752,storytelling,0.5987,0.0,0.2993
gemma_4_e2b,753,storytelling,0.9104,0.0,0.4552
gemma_4_e2b,754,storytelling,0.8976,0.0,0.4488
gemma_4_e2b,755,storytelling,0.5702,0.0,0.2851
gemma_4_e2b,756,storytelling,0.026,0.0,0.013
gemma_4_e2b,757,storytelling,,,
gemma_4_e2b,758,storytelling,0.9083,0.0,0.4542
gemma_4_e2b,759,storytelling,0.7804,0.0,0.3902
gemma_4_e2b,760,storytelling,,,
gemma_4_e2b,761,storytelling,0.9071,0.0,0.4535
gemma_4_e2b,762,storytelling,0.0211,0.0,0.0106
gemma_4_e2b,763,storytelling,,,
gemma_4_e2b,764,storytelling,,,
gemma_4_e2b,765,storytelling,0.8702,0.0,0.4351
gemma_4_e2b,766,storytelling,0.8651,0.0,0.4326
gemma_4_e2b,767,storytelling,0.007,0.0,0.0035
gemma_4_e2b,768,storytelling,0.9757,0.0,0.4879
gemma_4_e2b,769,storytelling,,,
gemma_4_e2b,770,storytelling,0.7281,0.0,0.3641
gemma_4_e2b,771,storytelling,0.0197,0.0,0.0099
gemma_4_e2b,772,storytelling,0.8808,0.0,0.4404
gemma_4_e2b,773,storytelling,0.9715,0.0,0.4857
gemma_4_e2b,774,storytelling,0.9028,0.0,0.4514
gemma_4_e2b,775,storytelling,0.0072,0.0,0.0036
gemma_4_e2b,776,storytelling,0.615,0.0,0.3075
gemma_4_e2b,777,storytelling,0.8749,0.0,0.4374
gemma_4_e2b,778,storytelling,0.6406,0.0,0.3203
gemma_4_e2b,779,storytelling,,,
gemma_4_e2b,780,storytelling,0.8667,0.0,0.4334
gemma_4_e2b,781,storytelling,0.9382,0.0,0.4691
gemma_4_e2b,782,storytelling,0.8495,0.0,0.4248
gemma_4_e2b,783,storytelling,0.0715,0.0,0.0358
gemma_4_e2b,784,storytelling,0.9257,0.0,0.4628
gemma_4_e2b,785,storytelling,,,
gemma_4_e2b,786,storytelling,0.8079,0.0,0.404
gemma_4_e2b,787,storytelling,0.026,0.0,0.013
gemma_4_e2b,788,storytelling,0.6275,0.0,0.3137
gemma_4_e2b,789,storytelling,,,
gemma_4_e2b,790,storytelling,0.0224,0.0,0.0112
gemma_4_e2b,791,storytelling,0.6667,0.0,0.3333
gemma_4_e2b,792,storytelling,,,
gemma_4_e2b,793,storytelling,0.8921,0.0,0.4461
gemma_4_e2b,794,storytelling,,,
gemma_4_e2b,795,storytelling,,,
gemma_4_e2b,796,storytelling,,,
gemma_4_e2b,797,storytelling,0.0142,0.0,0.0071
gemma_4_e2b,798,storytelling,0.0622,0.0,0.0311
gemma_4_e2b,799,storytelling,0.8616,0.0,0.4308
gemma_4_e2b,800,storytelling,0.0164,0.0,0.0082
gemma_4_e2b,801,storytelling,,,
gemma_4_e2b,802,storytelling,,,
gemma_4_e2b,803,storytelling,,,
gemma_4_e2b,804,storytelling,,,
gemma_4_e2b,805,storytelling,0.0135,0.0116,0.0126
gemma_4_e2b,806,storytelling,,,
gemma_4_e2b,807,storytelling,,,
gemma_4_e2b,808,storytelling,0.9143,0.0118,0.463
gemma_4_e2b,809,storytelling,0.0257,0.0,0.0128
gemma_4_e2b,810,storytelling,,,
gemma_4_e2b,811,storytelling,,,
gemma_4_e2b,812,storytelling,,,
gemma_4_e2b,813,storytelling,,,
gemma_4_e2b,814,storytelling,,,
gemma_4_e2b,815,storytelling,,,
gemma_4_e2b,816,storytelling,0.8551,0.0,0.4276
gemma_4_e2b,817,storytelling,0.0161,0.0,0.0081
gemma_4_e2b,818,storytelling,0.007,0.0,0.0035
gemma_4_e2b,819,storytelling,,,
gemma_4_e2b,820,storytelling,0.7448,0.0,0.3724
gemma_4_e2b,821,storytelling,,,
gemma_4_e2b,822,storytelling,,,
gemma_4_e2b,823,storytelling,,,
gemma_4_e2b,824,storytelling,0.6258,0.0,0.3129
gemma_4_e2b,825,storytelling,0.0139,0.0,0.0069
gemma_4_e2b,826,storytelling,,,
gemma_4_e2b,827,storytelling,0.7633,0.0,0.3817
gemma_4_e2b,828,storytelling,,,
gemma_4_e2b,829,storytelling,,,
gemma_4_e2b,830,storytelling,0.0257,0.0,0.0128
gemma_4_e2b,831,storytelling,0.0298,0.0,0.0149
gemma_4_e2b,832,storytelling,0.7979,0.0,0.3989
gemma_4_e2b,833,storytelling,0.8951,0.0,0.4476
gemma_4_e2b,834,storytelling,0.9734,0.0,0.4867
gemma_4_e2b,835,storytelling,0.9361,0.0,0.4681
gemma_4_e2b,836,storytelling,,,
gemma_4_e2b,837,storytelling,0.9903,0.0,0.4952
gemma_4_e2b,838,storytelling,,,
gemma_4_e2b,839,storytelling,,,
gemma_4_e2b,840,storytelling,,,
gemma_4_e2b,841,storytelling,,,
gemma_4_e2b,842,storytelling,0.0263,0.0,0.0132
gemma_4_e2b,843,storytelling,0.8411,0.0,0.4205
gemma_4_e2b,844,storytelling,0.8274,0.0,0.4137
gemma_4_e2b,845,storytelling,0.0488,0.0,0.0244
gemma_4_e2b,846,storytelling,,,
gemma_4_e2b,847,storytelling,,,
gemma_4_e2b,848,storytelling,0.9677,0.0,0.4839
gemma_4_e2b,849,storytelling,0.0283,0.0,0.0141
gemma_4_e2b,850,storytelling,,,
gemma_4_e2b,851,storytelling,0.8238,0.0,0.4119
gemma_4_e2b,852,storytelling,0.0153,0.0106,0.013
gemma_4_e2b,853,storytelling,0.0171,0.0,0.0086
gemma_4_e2b,854,storytelling,,,
gemma_4_e2b,855,storytelling,0.0335,0.0,0.0168
gemma_4_e2b,856,storytelling,0.0244,0.0,0.0122
gemma_4_e2b,857,storytelling,0.77,0.0,0.385
gemma_4_e2b,858,storytelling,,,
gemma_4_e2b,859,storytelling,0.9502,0.0,0.4751
gemma_4_e2b,860,storytelling,,,
gemma_4_e2b,861,storytelling,0.0443,0.0,0.0222
gemma_4_e2b,862,storytelling,,,
gemma_4_e2b,863,storytelling,0.9404,0.0,0.4702
gemma_4_e2b,864,storytelling,0.7505,0.0,0.3753
gemma_4_e2b,865,storytelling,0.0231,0.0,0.0116
gemma_4_e2b,866,storytelling,,,
gemma_4_e2b,867,storytelling,0.9757,0.011,0.4934
gemma_4_e2b,868,storytelling,0.9208,0.0,0.4604
gemma_4_e2b,869,storytelling,,,
gemma_4_e2b,870,storytelling,0.0084,0.0105,0.0095
gemma_4_e2b,871,storytelling,0.9279,0.0235,0.4757
gemma_4_e2b,872,storytelling,0.0161,0.0108,0.0134
gemma_4_e2b,873,storytelling,,,
gemma_4_e2b,874,storytelling,,,
gemma_4_e2b,875,storytelling,,,
gemma_4_e2b,876,storytelling,0.7239,0.0,0.362
gemma_4_e2b,877,storytelling,0.0043,0.0,0.0022
gemma_4_e2b,878,storytelling,0.0122,0.0,0.0061
gemma_4_e2b,879,storytelling,,,
gemma_4_e2b,880,storytelling,,,
gemma_4_e2b,881,storytelling,0.6485,0.0,0.3242
gemma_4_e2b,882,storytelling,,,
gemma_4_e2b,883,storytelling,0.8028,0.0125,0.4077
gemma_4_e2b,884,storytelling,0.0129,0.0,0.0064
gemma_4_e2b,885,storytelling,0.9085,0.0,0.4542
gemma_4_e2b,886,storytelling,,,
gemma_4_e2b,887,storytelling,0.0126,0.0128,0.0127
gemma_4_e2b,888,storytelling,0.0216,0.0116,0.0166
gemma_4_e2b,889,storytelling,0.7318,0.0,0.3659
gemma_4_e2b,890,storytelling,,,
gemma_4_e2b,891,storytelling,0.0212,0.0,0.0106
gemma_4_e2b,892,storytelling,0.9754,0.0,0.4877
gemma_4_e2b,893,storytelling,,,
gemma_4_e2b,894,storytelling,,,
gemma_4_e2b,895,storytelling,0.8694,0.0,0.4347
gemma_4_e2b,896,storytelling,,,
gemma_4_e2b,897,storytelling,0.0112,0.0,0.0056
gemma_4_e2b,898,storytelling,,,
gemma_4_e2b,899,storytelling,0.0226,0.0,0.0113
gemma_4_e2b,900,storytelling,0.0121,0.0,0.006
gemma_4_e2b,901,storytelling,,,
gemma_4_e2b,902,storytelling,0.9367,0.0,0.4683
gemma_4_e2b,903,storytelling,,,
gemma_4_e2b,904,storytelling,,,
gemma_4_e2b,905,storytelling,,,
gemma_4_e2b,906,storytelling,,,
gemma_4_e2b,907,storytelling,0.0418,0.0,0.0209
gemma_4_e2b,908,storytelling,,,
gemma_4_e2b,909,storytelling,,,
gemma_4_e2b,910,storytelling,0.0674,0.0,0.0337
gemma_4_e2b,911,storytelling,,,
gemma_4_e2b,912,storytelling,0.7898,0.0,0.3949
gemma_4_e2b,913,storytelling,0.0144,0.0118,0.0131
gemma_4_e2b,914,storytelling,,,
gemma_4_e2b,915,storytelling,,,
gemma_4_e2b,916,storytelling,,,
gemma_4_e2b,917,storytelling,0.051,0.0,0.0255
gemma_4_e2b,918,storytelling,,,
gemma_4_e2b,919,storytelling,,,
gemma_4_e2b,920,storytelling,,,
gemma_4_e2b,921,storytelling,0.761,0.0,0.3805
gemma_4_e2b,922,storytelling,,,
gemma_4_e2b,923,storytelling,,,
gemma_4_e2b,924,storytelling,,,
gemma_4_e2b,925,storytelling,0.9065,0.0,0.4532
gemma_4_e2b,926,storytelling,0.0206,0.0,0.0103
gemma_4_e2b,927,storytelling,0.9655,0.012,0.4888
gemma_4_e2b,928,storytelling,0.0145,0.0102,0.0123
gemma_4_e2b,929,storytelling,0.8758,0.0112,0.4435
gemma_4_e2b,930,storytelling,,,
gemma_4_e2b,931,storytelling,0.9208,0.0253,0.4731
gemma_4_e2b,932,storytelling,0.9523,0.0106,0.4815
gemma_4_e2b,933,storytelling,0.8773,0.0,0.4387
gemma_4_e2b,934,storytelling,0.7686,0.0,0.3843
gemma_4_e2b,935,storytelling,,,
gemma_4_e2b,936,storytelling,0.7934,0.0,0.3967
gemma_4_e2b,937,storytelling,,,
gemma_4_e2b,938,storytelling,,,
gemma_4_e2b,939,storytelling,,,
gemma_4_e2b,940,storytelling,,,
gemma_4_e2b,941,storytelling,,,
gemma_4_e2b,942,storytelling,0.0315,0.0,0.0157
gemma_4_e2b,943,storytelling,,,
gemma_4_e2b,944,storytelling,,,
gemma_4_e2b,945,storytelling,,,
gemma_4_e2b,946,storytelling,,,
gemma_4_e2b,947,storytelling,,,
gemma_4_e2b,948,storytelling,,,
gemma_4_e2b,949,storytelling,,,
gemma_4_e2b,950,storytelling,,,
gemma_4_e2b,951,storytelling,0.6071,0.0,0.3036
gemma_4_e2b,952,storytelling,0.8889,0.0,0.4444
gemma_4_e2b,953,storytelling,,,
gemma_4_e2b,954,storytelling,,,
gemma_4_e2b,955,storytelling,,,
gemma_4_e2b,956,storytelling,0.3333,0.0,0.1667
gemma_4_e2b,957,storytelling,,,
gemma_4_e2b,958,storytelling,,,
gemma_4_e2b,959,storytelling,0.7636,0.0,0.3818
gemma_4_e2b,960,storytelling,,,
gemma_4_e2b,961,storytelling,0.0344,0.0,0.0172
gemma_4_e2b,962,storytelling,,,
gemma_4_e2b,963,storytelling,,,
gemma_4_e2b,964,storytelling,,,
gemma_4_e2b,965,storytelling,0.9655,0.0,0.4827
gemma_4_e2b,966,storytelling,,,
gemma_4_e2b,967,storytelling,,,
gemma_4_e2b,968,storytelling,0.0204,0.0,0.0102
gemma_4_e2b,969,storytelling,0.7745,0.0,0.3873
gemma_4_e2b,970,storytelling,,,
gemma_4_e2b,971,storytelling,,,
gemma_4_e2b,972,storytelling,,,
gemma_4_e2b,973,storytelling,0.8939,0.0,0.447
gemma_4_e2b,974,storytelling,,,
gemma_4_e2b,975,storytelling,0.0557,0.0,0.0278
gemma_4_e2b,976,storytelling,,,
gemma_4_e2b,977,storytelling,0.8936,0.0,0.4468
gemma_4_e2b,978,storytelling,0.0325,0.0,0.0163
gemma_4_e2b,979,storytelling,,,
gemma_4_e2b,980,storytelling,,,
gemma_4_e2b,981,storytelling,,,
gemma_4_e2b,982,storytelling,,,
gemma_4_e2b,983,storytelling,,,
gemma_4_e2b,984,storytelling,0.9766,0.0,0.4883
gemma_4_e2b,985,storytelling,,,
gemma_4_e2b,986,storytelling,,,
gemma_4_e2b,987,storytelling,0.6,0.0,0.3
gemma_4_e2b,988,storytelling,,,
gemma_4_e2b,989,storytelling,,,
gemma_4_e2b,990,storytelling,,,
gemma_4_e2b,991,storytelling,,,
gemma_4_e2b,992,storytelling,0.8282,0.0115,0.4199
gemma_4_e2b,993,storytelling,,,
gemma_4_e2b,994,storytelling,,,
gemma_4_e2b,995,storytelling,,,
gemma_4_e2b,996,storytelling,,,
gemma_4_e2b,997,storytelling,,,
gemma_4_e2b,998,storytelling,,,
gemma_4_e2b,999,storytelling,,,
gemma_4_e2b,1000,storytelling,,,
gemma_4_e2b,1001,storytelling,,,
gemma_4_e2b,1002,storytelling,,,
gemma_4_e2b,1003,storytelling,,,
gemma_4_e2b,1004,storytelling,,,
gemma_4_e2b,1005,storytelling,0.9241,0.0,0.4621
gemma_4_e2b,1006,storytelling,,,
gemma_4_e2b,1007,storytelling,,,
gemma_4_e2b,1008,storytelling,,,
gemma_4_e2b,1009,storytelling,0.1424,0.0,0.0712
gemma_4_e2b,1010,storytelling,,,
gemma_4_e2b,1011,storytelling,,,
gemma_4_e2b,1012,storytelling,,,
gemma_4_e2b,1013,storytelling,,,
gemma_4_e2b,1014,storytelling,,,
gemma_4_e2b,1015,storytelling,,,
gemma_4_e2b,1016,storytelling,0.8976,0.0,0.4488
gemma_4_e2b,1017,storytelling,0.9701,0.0,0.4851
gemma_4_e2b,1018,storytelling,,,
gemma_4_e2b,1019,storytelling,,,
gemma_4_e2b,1020,storytelling,,,
gemma_4_e2b,1021,storytelling,,,
gemma_4_e2b,1022,storytelling,,,
gemma_4_e2b,1023,storytelling,,,
gemma_4_e2b,1024,storytelling,,,
gemma_4_e2b,1025,storytelling,,,
gemma_4_e2b,1026,storytelling,0.5865,0.0,0.2932
gemma_4_e2b,1027,storytelling,0.3683,0.0,0.1842
gemma_4_e2b,1028,storytelling,,,
gemma_4_e2b,1029,storytelling,0.0129,0.0,0.0064
gemma_4_e2b,1030,storytelling,,,
gemma_4_e2b,1031,storytelling,0.8795,0.0,0.4397
gemma_4_e2b,1032,storytelling,0.5673,0.0,0.2837
gemma_4_e2b,1033,storytelling,,,
gemma_4_e2b,1034,storytelling,,,
gemma_4_e2b,1035,storytelling,,,
gemma_4_e2b,1036,storytelling,,,
gemma_4_e2b,1037,storytelling,,,
gemma_4_e2b,1038,storytelling,,,
gemma_4_e2b,1039,storytelling,,,
gemma_4_e2b,1040,storytelling,,,
gemma_4_e2b,1041,storytelling,,,
gemma_4_e2b,1042,storytelling,,,
gemma_4_e2b,1043,storytelling,0.6004,0.0132,0.3068
gemma_4_e2b,1044,storytelling,0.9171,0.0,0.4585
gemma_4_e2b,1045,storytelling,,,
gemma_4_e2b,1046,storytelling,,,
gemma_4_e2b,1047,storytelling,,,
gemma_4_e2b,1048,storytelling,,,
gemma_4_e2b,1049,storytelling,,,
gemma_4_e2b,1050,storytelling,,,
gemma_4_e2b,1051,storytelling,,,
gemma_4_e2b,1052,storytelling,,,
gemma_4_e2b,1053,storytelling,0.77,0.0,0.385
gemma_4_e2b,1054,storytelling,,,
gemma_4_e2b,1055,storytelling,0.7732,0.0,0.3866
gemma_4_e2b,1056,storytelling,,,
gemma_4_e2b,1057,storytelling,,,
gemma_4_e2b,1058,storytelling,,,
gemma_4_e2b,1059,storytelling,,,
gemma_4_e2b,1060,storytelling,,,
gemma_4_e2b,1061,storytelling,,,
gemma_4_e2b,1062,storytelling,,,
gemma_4_e2b,1063,storytelling,0.8167,0.0,0.4084
gemma_4_e2b,1064,storytelling,,,
gemma_4_e2b,1065,storytelling,,,
gemma_4_e2b,1066,storytelling,,,
gemma_4_e2b,1067,storytelling,0.0215,0.5,0.2607
gemma_4_e2b,1068,storytelling,0.0207,0.0,0.0103
gemma_4_e2b,1069,storytelling,,,
gemma_4_e2b,1070,storytelling,0.9182,0.0112,0.4647
gemma_4_e2b,1071,storytelling,0.8912,0.0,0.4456
gemma_4_e2b,1072,storytelling,0.6165,0.0125,0.3145
gemma_4_e2b,1073,storytelling,,,
gemma_4_e2b,1074,storytelling,,,
gemma_4_e2b,1075,storytelling,,,
gemma_4_e2b,1076,storytelling,,,
gemma_4_e2b,1077,storytelling,0.0406,0.0238,0.0322
gemma_4_e2b,1078,storytelling,0.8056,0.0112,0.4084
gemma_4_e2b,1079,storytelling,0.8208,0.0217,0.4213
gemma_4_e2b,1080,storytelling,0.8309,0.0202,0.4255
gemma_4_e2b,1081,storytelling,0.7703,0.0,0.3851
gemma_4_e2b,1082,storytelling,,,
gemma_4_e2b,1083,storytelling,,,
gemma_4_e2b,1084,storytelling,0.0904,0.2857,0.1881
gemma_4_e2b,1085,storytelling,0.0758,0.0114,0.0436
gemma_4_e2b,1086,storytelling,,,
gemma_4_e2b,1087,storytelling,0.904,0.0,0.452
gemma_4_e2b,1088,storytelling,0.0676,0.0,0.0338
gemma_4_e2b,1089,storytelling,0.1393,0.0,0.0696
gemma_4_e2b,1090,storytelling,0.0226,0.0,0.0113
gemma_4_e2b,1091,storytelling,0.7804,0.0116,0.396
gemma_4_e2b,1092,storytelling,,,
gemma_4_e2b,1093,storytelling,0.7671,0.0,0.3835
gemma_4_e2b,1094,storytelling,,,
gemma_4_e2b,1095,storytelling,0.0147,0.0,0.0073
gemma_4_e2b,1096,storytelling,0.0203,0.0,0.0102
gemma_4_e2b,1097,storytelling,,,
gemma_4_e2b,1098,storytelling,0.0086,0.0,0.0043
gemma_4_e2b,1099,storytelling,0.078,0.0225,0.0503
gemma_4_e2b,1100,storytelling,0.7553,0.0,0.3776
gemma_4_e2b,1101,storytelling,0.9296,0.0115,0.4705
gemma_4_e2b,1102,storytelling,0.8725,0.022,0.4473
gemma_4_e2b,1103,storytelling,,,
gemma_4_e2b,1104,storytelling,0.9159,0.0112,0.4636
gemma_4_e2b,1105,storytelling,0.0765,0.0,0.0382
gemma_4_e2b,1106,storytelling,0.1243,0.0,0.0621
gemma_4_e2b,1107,storytelling,,,
gemma_4_e2b,1108,storytelling,,,
gemma_4_e2b,1109,storytelling,0.9069,0.0225,0.4647
gemma_4_e2b,1110,storytelling,0.8858,0.0,0.4429
gemma_4_e2b,1111,storytelling,0.0175,0.0,0.0088
gemma_4_e2b,1112,storytelling,,,
gemma_4_e2b,1113,storytelling,0.8784,0.0213,0.4499
gemma_4_e2b,1114,storytelling,,,
gemma_4_e2b,1115,storytelling,,,
gemma_4_e2b,1116,storytelling,,,
gemma_4_e2b,1117,storytelling,0.0719,0.0,0.0359
gemma_4_e2b,1118,storytelling,0.1733,0.0,0.0867
gemma_4_e2b,1119,storytelling,0.0193,0.0,0.0096
gemma_4_e2b,1120,storytelling,,,
gemma_4_e2b,1121,storytelling,0.0143,0.0,0.0072
gemma_4_e2b,1122,storytelling,,,
gemma_4_e2b,1123,storytelling,0.0217,0.0132,0.0174
gemma_4_e2b,1124,storytelling,0.911,0.0,0.4555
gemma_4_e2b,1125,storytelling,0.9902,0.0,0.4951
gemma_4_e2b,1126,storytelling,0.1368,0.0,0.0684
gemma_4_e2b,1127,storytelling,0.9295,0.0118,0.4706
gemma_4_e2b,1128,storytelling,0.9192,0.0118,0.4655
gemma_4_e2b,1129,storytelling,,,
gemma_4_e2b,1130,storytelling,,,
gemma_4_e2b,1131,storytelling,0.9511,0.0,0.4756
gemma_4_e2b,1132,storytelling,0.7384,0.0,0.3692
gemma_4_e2b,1133,storytelling,0.0453,0.0208,0.0331
gemma_4_e2b,1134,storytelling,0.9332,0.0,0.4666
gemma_4_e2b,1135,storytelling,0.8889,0.0,0.4444
gemma_4_e2b,1136,storytelling,,,
gemma_4_e2b,1137,storytelling,,,
gemma_4_e2b,1138,storytelling,,,
gemma_4_e2b,1139,storytelling,0.4725,0.0,0.2363
gemma_4_e2b,1140,storytelling,,,
gemma_4_e2b,1141,storytelling,,,
gemma_4_e2b,1142,storytelling,0.9048,0.0,0.4524
gemma_4_e2b,1143,storytelling,,,
gemma_4_e2b,1144,storytelling,,,
gemma_4_e2b,1145,storytelling,0.6389,0.0,0.3194
gemma_4_e2b,1146,storytelling,,,
gemma_4_e2b,1147,storytelling,,,
gemma_4_e2b,1148,storytelling,,,
gemma_4_e2b,1149,storytelling,,,
gemma_4_e2b,1150,storytelling,0.0262,0.0,0.0131
gemma_4_e2b,1151,storytelling,,,
gemma_4_e2b,1152,storytelling,,,
gemma_4_e2b,1153,storytelling,,,
gemma_4_e2b,1154,storytelling,,,
gemma_4_e2b,1155,storytelling,,,
gemma_4_e2b,1156,storytelling,0.9,0.0,0.45
gemma_4_e2b,1157,storytelling,,,
gemma_4_e2b,1158,storytelling,,,
gemma_4_e2b,1159,storytelling,0.6333,0.0,0.3167
gemma_4_e2b,1160,storytelling,,,
gemma_4_e2b,1161,storytelling,0.5889,0.0,0.2944
gemma_4_e2b,1162,storytelling,,,
gemma_4_e2b,1163,storytelling,,,
gemma_4_e2b,1164,storytelling,,,
gemma_4_e2b,1165,storytelling,0.3399,0.0,0.1699
gemma_4_e2b,1166,storytelling,,,
gemma_4_e2b,1167,storytelling,,,
gemma_4_e2b,1168,storytelling,0.9277,0.0,0.4638
gemma_4_e2b,1169,storytelling,,,
gemma_4_e2b,1170,storytelling,,,
gemma_4_e2b,1171,storytelling,,,
gemma_4_e2b,1172,storytelling,,,
gemma_4_e2b,1173,storytelling,0.0197,0.0,0.0098
gemma_4_e2b,1174,storytelling,,,
gemma_4_e2b,1175,storytelling,0.7617,0.0,0.3809
gemma_4_e2b,1176,storytelling,,,
gemma_4_e2b,1177,storytelling,0.0223,0.0,0.0112
gemma_4_e2b,1178,storytelling,,,
gemma_4_e2b,1179,storytelling,,,
gemma_4_e2b,1180,storytelling,0.5654,0.0,0.2827
gemma_4_e2b,1181,storytelling,,,
gemma_4_e2b,1182,storytelling,,,
gemma_4_e2b,1183,storytelling,,,
gemma_4_e2b,1184,storytelling,0.9324,0.0,0.4662
gemma_4_e2b,1185,storytelling,,,
gemma_4_e2b,1186,storytelling,0.0248,0.0,0.0124
gemma_4_e2b,1187,storytelling,,,
gemma_4_e2b,1188,storytelling,,,
gemma_4_e2b,1189,storytelling,,,
gemma_4_e2b,1190,storytelling,,,
gemma_4_e2b,1191,storytelling,,,
gemma_4_e2b,1192,storytelling,,,
gemma_4_e2b,1193,storytelling,,,
gemma_4_e2b,1194,storytelling,,,
gemma_4_e2b,1195,storytelling,,,
gemma_4_e2b,1196,storytelling,,,
gemma_4_e2b,1197,storytelling,,,
gemma_4_e2b,1198,storytelling,,,
gemma_4_e2b,1199,storytelling,,,
gemma_4_e2b,1200,unrestricted,0.7234,0.0,0.3617
gemma_4_e2b,1201,unrestricted,0.7034,0.0,0.3517
gemma_4_e2b,1202,unrestricted,0.9375,0.0,0.4688
gemma_4_e2b,1203,unrestricted,,,
gemma_4_e2b,1204,unrestricted,,,
gemma_4_e2b,1205,unrestricted,0.9345,0.0118,0.4731
gemma_4_e2b,1206,unrestricted,,,
gemma_4_e2b,1207,unrestricted,0.5387,0.0,0.2694
gemma_4_e2b,1208,unrestricted,0.9928,0.0,0.4964
gemma_4_e2b,1209,unrestricted,0.9067,0.0,0.4534
gemma_4_e2b,1210,unrestricted,,,
gemma_4_e2b,1211,unrestricted,,,
gemma_4_e2b,1212,unrestricted,,,
gemma_4_e2b,1213,unrestricted,0.0204,0.0164,0.0184
gemma_4_e2b,1214,unrestricted,0.8848,0.0,0.4424
gemma_4_e2b,1215,unrestricted,,,
gemma_4_e2b,1216,unrestricted,0.0042,0.0114,0.0078
gemma_4_e2b,1217,unrestricted,0.9062,0.0,0.4531
gemma_4_e2b,1218,unrestricted,0.9231,0.0,0.4615
gemma_4_e2b,1219,unrestricted,0.8942,0.0,0.4471
gemma_4_e2b,1220,unrestricted,0.6844,0.0,0.3422
gemma_4_e2b,1221,unrestricted,0.1816,0.0,0.0908
gemma_4_e2b,1222,unrestricted,,,
gemma_4_e2b,1223,unrestricted,0.0683,0.0,0.0341
gemma_4_e2b,1224,unrestricted,0.0674,0.0,0.0337
gemma_4_e2b,1225,unrestricted,,,
gemma_4_e2b,1226,unrestricted,0.5219,0.0,0.261
gemma_4_e2b,1227,unrestricted,,,
gemma_4_e2b,1228,unrestricted,0.8375,0.0,0.4188
gemma_4_e2b,1229,unrestricted,0.5698,0.0,0.2849
gemma_4_e2b,1230,unrestricted,0.961,0.0,0.4805
gemma_4_e2b,1231,unrestricted,0.6357,0.0,0.3179
gemma_4_e2b,1232,unrestricted,0.8343,0.0,0.4171
gemma_4_e2b,1233,unrestricted,0.93,0.0,0.465
gemma_4_e2b,1234,unrestricted,0.9498,0.0,0.4749
gemma_4_e2b,1235,unrestricted,0.8914,0.0,0.4457
gemma_4_e2b,1236,unrestricted,,,
gemma_4_e2b,1237,unrestricted,0.9668,0.0,0.4834
gemma_4_e2b,1238,unrestricted,0.5976,0.0,0.2988
gemma_4_e2b,1239,unrestricted,0.8845,0.0,0.4423
gemma_4_e2b,1240,unrestricted,,,
gemma_4_e2b,1241,unrestricted,0.8632,0.0,0.4316
gemma_4_e2b,1242,unrestricted,0.9727,0.0,0.4864
gemma_4_e2b,1243,unrestricted,0.9805,0.0,0.4902
gemma_4_e2b,1244,unrestricted,0.9319,0.0,0.4659
gemma_4_e2b,1245,unrestricted,0.96,0.0,0.48
gemma_4_e2b,1246,unrestricted,0.5424,0.0,0.2712
gemma_4_e2b,1247,unrestricted,,,
gemma_4_e2b,1248,unrestricted,0.9675,0.0,0.4837
gemma_4_e2b,1249,unrestricted,0.9126,0.0,0.4563
gemma_4_e2b,1250,unrestricted,,,
gemma_4_e2b,1251,unrestricted,0.8771,0.0,0.4385
gemma_4_e2b,1252,unrestricted,0.0271,0.0,0.0135
gemma_4_e2b,1253,unrestricted,0.8905,0.0,0.4452
gemma_4_e2b,1254,unrestricted,0.8849,0.0,0.4424
gemma_4_e2b,1255,unrestricted,0.0144,0.0,0.0072
gemma_4_e2b,1256,unrestricted,0.958,0.0,0.479
gemma_4_e2b,1257,unrestricted,0.8267,0.0,0.4133
gemma_4_e2b,1258,unrestricted,0.9638,0.0,0.4819
gemma_4_e2b,1259,unrestricted,0.0708,0.0,0.0354
gemma_4_e2b,1260,unrestricted,0.8987,0.0,0.4493
gemma_4_e2b,1261,unrestricted,0.967,0.0,0.4835
gemma_4_e2b,1262,unrestricted,0.9014,0.0,0.4507
gemma_4_e2b,1263,unrestricted,0.9877,0.0,0.4939
gemma_4_e2b,1264,unrestricted,0.9333,0.0,0.4667
gemma_4_e2b,1265,unrestricted,0.9219,0.0,0.4609
gemma_4_e2b,1266,unrestricted,0.8891,0.0,0.4445
gemma_4_e2b,1267,unrestricted,0.066,0.0,0.033
gemma_4_e2b,1268,unrestricted,0.3269,0.0,0.1635
gemma_4_e2b,1269,unrestricted,,,
gemma_4_e2b,1270,unrestricted,0.8836,0.0,0.4418
gemma_4_e2b,1271,unrestricted,0.5153,0.0,0.2577
gemma_4_e2b,1272,unrestricted,0.5567,0.0104,0.2835
gemma_4_e2b,1273,unrestricted,0.513,0.0,0.2565
gemma_4_e2b,1274,unrestricted,0.4124,0.0,0.2062
gemma_4_e2b,1275,unrestricted,0.1482,0.0,0.0741
gemma_4_e2b,1276,unrestricted,,,
gemma_4_e2b,1277,unrestricted,0.9846,0.0141,0.4993
gemma_4_e2b,1278,unrestricted,0.9877,0.0,0.4939
gemma_4_e2b,1279,unrestricted,,,
gemma_4_e2b,1280,unrestricted,0.4224,0.0,0.2112
gemma_4_e2b,1281,unrestricted,,,
gemma_4_e2b,1282,unrestricted,0.7108,0.0,0.3554
gemma_4_e2b,1283,unrestricted,0.7629,0.0,0.3814
gemma_4_e2b,1284,unrestricted,0.9789,0.0,0.4894
gemma_4_e2b,1285,unrestricted,0.7507,0.0,0.3754
gemma_4_e2b,1286,unrestricted,,,
gemma_4_e2b,1287,unrestricted,0.9485,0.0115,0.48
gemma_4_e2b,1288,unrestricted,0.1346,0.0,0.0673
gemma_4_e2b,1289,unrestricted,0.817,0.0,0.4085
gemma_4_e2b,1290,unrestricted,0.541,0.0189,0.2799
gemma_4_e2b,1291,unrestricted,0.057,0.0,0.0285
gemma_4_e2b,1292,unrestricted,0.8358,0.0,0.4179
gemma_4_e2b,1293,unrestricted,0.6533,0.0109,0.3321
gemma_4_e2b,1294,unrestricted,,,
gemma_4_e2b,1295,unrestricted,0.6571,0.0,0.3286
gemma_4_e2b,1296,unrestricted,0.8735,0.0,0.4368
gemma_4_e2b,1297,unrestricted,0.0197,0.0,0.0099
gemma_4_e2b,1298,unrestricted,0.0128,0.0,0.0064
gemma_4_e2b,1299,unrestricted,0.9232,0.0,0.4616
gemma_4_e2b,1300,unrestricted,0.8343,0.0,0.4171
gemma_4_e2b,1301,unrestricted,0.8136,0.0,0.4068
gemma_4_e2b,1302,unrestricted,,,
gemma_4_e2b,1303,unrestricted,,,
gemma_4_e2b,1304,unrestricted,0.7138,0.0,0.3569
gemma_4_e2b,1305,unrestricted,,,
gemma_4_e2b,1306,unrestricted,0.8226,0.0,0.4113
gemma_4_e2b,1307,unrestricted,,,
gemma_4_e2b,1308,unrestricted,,,
gemma_4_e2b,1309,unrestricted,,,
gemma_4_e2b,1310,unrestricted,0.9036,0.0,0.4518
gemma_4_e2b,1311,unrestricted,0.9048,0.0,0.4524
gemma_4_e2b,1312,unrestricted,,,
gemma_4_e2b,1313,unrestricted,0.9197,0.0,0.4599
gemma_4_e2b,1314,unrestricted,0.833,0.0,0.4165
gemma_4_e2b,1315,unrestricted,0.8967,0.0,0.4483
gemma_4_e2b,1316,unrestricted,0.3398,0.0,0.1699
gemma_4_e2b,1317,unrestricted,0.502,0.0,0.251
gemma_4_e2b,1318,unrestricted,0.8018,0.0,0.4009
gemma_4_e2b,1319,unrestricted,0.9219,0.0,0.4609
gemma_4_e2b,1320,unrestricted,,,
gemma_4_e2b,1321,unrestricted,0.7484,0.0,0.3742
gemma_4_e2b,1322,unrestricted,0.6978,0.0112,0.3545
gemma_4_e2b,1323,unrestricted,0.9638,0.0,0.4819
gemma_4_e2b,1324,unrestricted,0.7742,0.0,0.3871
gemma_4_e2b,1325,unrestricted,0.1954,0.0,0.0977
gemma_4_e2b,1326,unrestricted,,,
gemma_4_e2b,1327,unrestricted,0.054,0.0,0.027
gemma_4_e2b,1328,unrestricted,0.8781,0.0104,0.4443
gemma_4_e2b,1329,unrestricted,0.8975,0.0099,0.4537
gemma_4_e2b,1330,unrestricted,0.8773,0.0,0.4386
gemma_4_e2b,1331,unrestricted,0.8961,0.0123,0.4542
gemma_4_e2b,1332,unrestricted,0.7497,0.0128,0.3813
gemma_4_e2b,1333,unrestricted,0.9203,0.0,0.4602
gemma_4_e2b,1334,unrestricted,,,
gemma_4_e2b,1335,unrestricted,0.025,0.0,0.0125
gemma_4_e2b,1336,unrestricted,0.8,0.0,0.4
gemma_4_e2b,1337,unrestricted,0.027,0.0,0.0135
gemma_4_e2b,1338,unrestricted,0.7248,0.0,0.3624
gemma_4_e2b,1339,unrestricted,0.022,0.0,0.011
gemma_4_e2b,1340,unrestricted,0.0467,0.0,0.0233
gemma_4_e2b,1341,unrestricted,,,
gemma_4_e2b,1342,unrestricted,0.0272,0.0,0.0136
gemma_4_e2b,1343,unrestricted,0.06,0.0,0.03
gemma_4_e2b,1344,unrestricted,0.9345,0.0,0.4673
gemma_4_e2b,1345,unrestricted,,,
gemma_4_e2b,1346,unrestricted,,,
gemma_4_e2b,1347,unrestricted,0.84,0.0114,0.4257
gemma_4_e2b,1348,unrestricted,0.4415,0.0,0.2208
gemma_4_e2b,1349,unrestricted,,,
gemma_4_e2b,1350,unrestricted,0.0262,0.0,0.0131
gemma_4_e2b,1351,unrestricted,0.0334,0.0,0.0167
gemma_4_e2b,1352,unrestricted,0.0316,0.0,0.0158
gemma_4_e2b,1353,unrestricted,,,
gemma_4_e2b,1354,unrestricted,,,
gemma_4_e2b,1355,unrestricted,,,
gemma_4_e2b,1356,unrestricted,0.0253,0.0,0.0126
gemma_4_e2b,1357,unrestricted,0.753,0.0,0.3765
gemma_4_e2b,1358,unrestricted,0.0287,0.0,0.0144
gemma_4_e2b,1359,unrestricted,0.8697,0.0,0.4348
gemma_4_e2b,1360,unrestricted,0.0305,0.0,0.0152
gemma_4_e2b,1361,unrestricted,,,
gemma_4_e2b,1362,unrestricted,,,
gemma_4_e2b,1363,unrestricted,,,
gemma_4_e2b,1364,unrestricted,0.0312,0.0,0.0156
gemma_4_e2b,1365,unrestricted,0.5984,0.0,0.2992
gemma_4_e2b,1366,unrestricted,0.7926,0.0,0.3963
gemma_4_e2b,1367,unrestricted,,,
gemma_4_e2b,1368,unrestricted,0.0271,0.0,0.0136
gemma_4_e2b,1369,unrestricted,0.0376,0.0,0.0188
gemma_4_e2b,1370,unrestricted,,,
gemma_4_e2b,1371,unrestricted,0.0307,0.0,0.0154
gemma_4_e2b,1372,unrestricted,0.0303,0.0,0.0151
gemma_4_e2b,1373,unrestricted,0.4405,0.0,0.2203
gemma_4_e2b,1374,unrestricted,0.0218,0.0,0.0109
gemma_4_e2b,1375,unrestricted,,,
gemma_4_e2b,1376,unrestricted,0.9053,0.0,0.4526
gemma_4_e2b,1377,unrestricted,0.026,0.0,0.013
gemma_4_e2b,1378,unrestricted,,,
gemma_4_e2b,1379,unrestricted,0.5733,0.0,0.2867
gemma_4_e2b,1380,unrestricted,0.9277,0.0,0.4638
gemma_4_e2b,1381,unrestricted,0.9678,0.0,0.4839
gemma_4_e2b,1382,unrestricted,0.538,0.0,0.269
gemma_4_e2b,1383,unrestricted,0.5714,0.0,0.2857
gemma_4_e2b,1384,unrestricted,0.0312,0.0,0.0156
gemma_4_e2b,1385,unrestricted,,,
gemma_4_e2b,1386,unrestricted,,,
gemma_4_e2b,1387,unrestricted,0.0299,0.0,0.015
gemma_4_e2b,1388,unrestricted,0.8878,0.0,0.4439
gemma_4_e2b,1389,unrestricted,0.0516,0.0,0.0258
gemma_4_e2b,1390,unrestricted,,,
gemma_4_e2b,1391,unrestricted,,,
gemma_4_e2b,1392,unrestricted,0.0232,0.0,0.0116
gemma_4_e2b,1393,unrestricted,,,
gemma_4_e2b,1394,unrestricted,,,
gemma_4_e2b,1395,unrestricted,,,
gemma_4_e2b,1396,unrestricted,0.0209,0.0,0.0104
gemma_4_e2b,1397,unrestricted,0.9872,0.0,0.4936
gemma_4_e2b,1398,unrestricted,,,
gemma_4_e2b,1399,unrestricted,,,
gemma_4_e2b,1400,unrestricted,0.0189,0.0,0.0094
gemma_4_e2b,1401,unrestricted,,,
gemma_4_e2b,1402,unrestricted,,,
gemma_4_e2b,1403,unrestricted,,,
gemma_4_e2b,1404,unrestricted,,,
gemma_4_e2b,1405,unrestricted,0.8442,0.0,0.4221
gemma_4_e2b,1406,unrestricted,,,
gemma_4_e2b,1407,unrestricted,0.0148,0.0,0.0074
gemma_4_e2b,1408,unrestricted,,,
gemma_4_e2b,1409,unrestricted,,,
gemma_4_e2b,1410,unrestricted,,,
gemma_4_e2b,1411,unrestricted,,,
gemma_4_e2b,1412,unrestricted,,,
gemma_4_e2b,1413,unrestricted,,,
gemma_4_e2b,1414,unrestricted,,,
gemma_4_e2b,1415,unrestricted,,,
gemma_4_e2b,1416,unrestricted,,,
gemma_4_e2b,1417,unrestricted,,,
gemma_4_e2b,1418,unrestricted,0.0171,0.0,0.0086
gemma_4_e2b,1419,unrestricted,0.7958,0.0,0.3979
gemma_4_e2b,1420,unrestricted,,,
gemma_4_e2b,1421,unrestricted,,,
gemma_4_e2b,1422,unrestricted,,,
gemma_4_e2b,1423,unrestricted,,,
gemma_4_e2b,1424,unrestricted,,,
gemma_4_e2b,1425,unrestricted,,,
gemma_4_e2b,1426,unrestricted,0.8504,0.0,0.4252
gemma_4_e2b,1427,unrestricted,,,
gemma_4_e2b,1428,unrestricted,,,
gemma_4_e2b,1429,unrestricted,,,
gemma_4_e2b,1430,unrestricted,0.8426,0.0,0.4213
gemma_4_e2b,1431,unrestricted,0.952,0.0141,0.483
gemma_4_e2b,1432,unrestricted,,,
gemma_4_e2b,1433,unrestricted,0.0177,0.0,0.0089
gemma_4_e2b,1434,unrestricted,0.8358,0.0,0.4179
gemma_4_e2b,1435,unrestricted,,,
gemma_4_e2b,1436,unrestricted,,,
gemma_4_e2b,1437,unrestricted,,,
gemma_4_e2b,1438,unrestricted,,,
gemma_4_e2b,1439,unrestricted,,,
gemma_4_e2b,1440,unrestricted,,,
gemma_4_e2b,1441,unrestricted,0.8968,0.0,0.4484
gemma_4_e2b,1442,unrestricted,0.7436,0.0,0.3718
gemma_4_e2b,1443,unrestricted,0.8643,0.0,0.4321
gemma_4_e2b,1444,unrestricted,0.9756,0.0,0.4878
gemma_4_e2b,1445,unrestricted,0.0153,0.0,0.0076
gemma_4_e2b,1446,unrestricted,,,
gemma_4_e2b,1447,unrestricted,,,
gemma_4_e2b,1448,unrestricted,,,
gemma_4_e2b,1449,unrestricted,,,
gemma_4_e2b,1450,unrestricted,,,
gemma_4_e2b,1451,unrestricted,,,
gemma_4_e2b,1452,unrestricted,,,
gemma_4_e2b,1453,unrestricted,0.9906,0.0,0.4953
gemma_4_e2b,1454,unrestricted,0.7737,0.0,0.3868
gemma_4_e2b,1455,unrestricted,0.5177,0.0,0.2588
gemma_4_e2b,1456,unrestricted,0.0154,0.0,0.0077
gemma_4_e2b,1457,unrestricted,,,
gemma_4_e2b,1458,unrestricted,,,
gemma_4_e2b,1459,unrestricted,,,
gemma_4_e2b,1460,unrestricted,,,
gemma_4_e2b,1461,unrestricted,0.0552,0.0,0.0276
gemma_4_e2b,1462,unrestricted,,,
gemma_4_e2b,1463,unrestricted,,,
gemma_4_e2b,1464,unrestricted,0.8158,0.0,0.4079
gemma_4_e2b,1465,unrestricted,,,
gemma_4_e2b,1466,unrestricted,0.8349,0.0,0.4174
gemma_4_e2b,1467,unrestricted,0.9006,0.0,0.4503
gemma_4_e2b,1468,unrestricted,,,
gemma_4_e2b,1469,unrestricted,,,
gemma_4_e2b,1470,unrestricted,0.8167,0.0145,0.4156
gemma_4_e2b,1471,unrestricted,,,
gemma_4_e2b,1472,unrestricted,,,
gemma_4_e2b,1473,unrestricted,,,
gemma_4_e2b,1474,unrestricted,0.8676,0.0,0.4338
gemma_4_e2b,1475,unrestricted,,,
gemma_4_e2b,1476,unrestricted,,,
gemma_4_e2b,1477,unrestricted,0.9171,0.0164,0.4667
gemma_4_e2b,1478,unrestricted,,,
gemma_4_e2b,1479,unrestricted,,,
gemma_4_e2b,1480,unrestricted,0.4446,0.0,0.2223
gemma_4_e2b,1481,unrestricted,,,
gemma_4_e2b,1482,unrestricted,,,
gemma_4_e2b,1483,unrestricted,0.9175,0.0,0.4587
gemma_4_e2b,1484,unrestricted,0.9519,0.0,0.476
gemma_4_e2b,1485,unrestricted,0.9412,0.0,0.4706
gemma_4_e2b,1486,unrestricted,,,
gemma_4_e2b,1487,unrestricted,0.0144,0.0,0.0072
gemma_4_e2b,1488,unrestricted,0.7729,0.0,0.3864
gemma_4_e2b,1489,unrestricted,,,
gemma_4_e2b,1490,unrestricted,,,
gemma_4_e2b,1491,unrestricted,0.0218,0.0,0.0109
gemma_4_e2b,1492,unrestricted,,,
gemma_4_e2b,1493,unrestricted,0.0256,0.0152,0.0204
gemma_4_e2b,1494,unrestricted,,,
gemma_4_e2b,1495,unrestricted,0.0076,0.0,0.0038
gemma_4_e2b,1496,unrestricted,,,
gemma_4_e2b,1497,unrestricted,,,
gemma_4_e2b,1498,unrestricted,0.8672,0.0,0.4336
gemma_4_e2b,1499,unrestricted,,,
gemma_4_e2b,1500,unrestricted,0.9186,0.0,0.4593
gemma_4_e2b,1501,unrestricted,,,
gemma_4_e2b,1502,unrestricted,0.8743,0.0,0.4372
gemma_4_e2b,1503,unrestricted,,,
gemma_4_e2b,1504,unrestricted,,,
gemma_4_e2b,1505,unrestricted,0.0058,0.0,0.0029
gemma_4_e2b,1506,unrestricted,0.932,0.0,0.466
gemma_4_e2b,1507,unrestricted,,,
gemma_4_e2b,1508,unrestricted,,,
gemma_4_e2b,1509,unrestricted,0.2479,0.0,0.1239
gemma_4_e2b,1510,unrestricted,0.9846,0.0,0.4923
gemma_4_e2b,1511,unrestricted,,,
gemma_4_e2b,1512,unrestricted,,,
gemma_4_e2b,1513,unrestricted,,,
gemma_4_e2b,1514,unrestricted,,,
gemma_4_e2b,1515,unrestricted,,,
gemma_4_e2b,1516,unrestricted,0.823,0.0,0.4115
gemma_4_e2b,1517,unrestricted,,,
gemma_4_e2b,1518,unrestricted,,,
gemma_4_e2b,1519,unrestricted,,,
gemma_4_e2b,1520,unrestricted,,,
gemma_4_e2b,1521,unrestricted,,,
gemma_4_e2b,1522,unrestricted,,,
gemma_4_e2b,1523,unrestricted,,,
gemma_4_e2b,1524,unrestricted,,,
gemma_4_e2b,1525,unrestricted,0.9566,0.0,0.4783
gemma_4_e2b,1526,unrestricted,0.6559,0.0,0.328
gemma_4_e2b,1527,unrestricted,0.8806,0.0,0.4403
gemma_4_e2b,1528,unrestricted,,,
gemma_4_e2b,1529,unrestricted,,,
gemma_4_e2b,1530,unrestricted,,,
gemma_4_e2b,1531,unrestricted,0.9701,0.0,0.4851
gemma_4_e2b,1532,unrestricted,0.8646,0.0154,0.44
gemma_4_e2b,1533,unrestricted,0.9567,0.0152,0.4859
gemma_4_e2b,1534,unrestricted,,,
gemma_4_e2b,1535,unrestricted,,,
gemma_4_e2b,1536,unrestricted,,,
gemma_4_e2b,1537,unrestricted,,,
gemma_4_e2b,1538,unrestricted,,,
gemma_4_e2b,1539,unrestricted,,,
gemma_4_e2b,1540,unrestricted,,,
gemma_4_e2b,1541,unrestricted,,,
gemma_4_e2b,1542,unrestricted,0.5083,0.0,0.2542
gemma_4_e2b,1543,unrestricted,0.0202,0.0,0.0101
gemma_4_e2b,1544,unrestricted,,,
gemma_4_e2b,1545,unrestricted,,,
gemma_4_e2b,1546,unrestricted,,,
gemma_4_e2b,1547,unrestricted,,,
gemma_4_e2b,1548,unrestricted,,,
gemma_4_e2b,1549,unrestricted,,,
gemma_4_e2b,1550,unrestricted,,,
gemma_4_e2b,1551,unrestricted,0.0231,0.0,0.0116
gemma_4_e2b,1552,unrestricted,,,
gemma_4_e2b,1553,unrestricted,,,
gemma_4_e2b,1554,unrestricted,,,
gemma_4_e2b,1555,unrestricted,,,
gemma_4_e2b,1556,unrestricted,0.2174,0.0,0.1087
gemma_4_e2b,1557,unrestricted,0.0245,0.0,0.0122
gemma_4_e2b,1558,unrestricted,,,
gemma_4_e2b,1559,unrestricted,0.0129,0.0,0.0064
gemma_4_e2b,1560,unrestricted,,,
gemma_4_e2b,1561,unrestricted,,,
gemma_4_e2b,1562,unrestricted,,,
gemma_4_e2b,1563,unrestricted,,,
gemma_4_e2b,1564,unrestricted,,,
gemma_4_e2b,1565,unrestricted,0.0258,0.0,0.0129
gemma_4_e2b,1566,unrestricted,,,
gemma_4_e2b,1567,unrestricted,,,
gemma_4_e2b,1568,unrestricted,0.0229,0.0,0.0115
gemma_4_e2b,1569,unrestricted,0.9569,0.0,0.4784
gemma_4_e2b,1570,unrestricted,,,
gemma_4_e2b,1571,unrestricted,0.844,0.0,0.422
gemma_4_e2b,1572,unrestricted,0.0083,0.0,0.0041
gemma_4_e2b,1573,unrestricted,0.0222,0.0,0.0111
gemma_4_e2b,1574,unrestricted,0.0297,0.0,0.0148
gemma_4_e2b,1575,unrestricted,0.0115,0.0,0.0058
gemma_4_e2b,1576,unrestricted,0.0249,0.0,0.0125
gemma_4_e2b,1577,unrestricted,0.0228,0.0,0.0114
gemma_4_e2b,1578,unrestricted,,,
gemma_4_e2b,1579,unrestricted,0.0176,0.0,0.0088
gemma_4_e2b,1580,unrestricted,,,
gemma_4_e2b,1581,unrestricted,,,
gemma_4_e2b,1582,unrestricted,0.0315,0.0,0.0157
gemma_4_e2b,1583,unrestricted,,,
gemma_4_e2b,1584,unrestricted,,,
gemma_4_e2b,1585,unrestricted,,,
gemma_4_e2b,1586,unrestricted,0.0289,0.0,0.0145
gemma_4_e2b,1587,unrestricted,,,
gemma_4_e2b,1588,unrestricted,,,
gemma_4_e2b,1589,unrestricted,,,
gemma_4_e2b,1590,unrestricted,,,
gemma_4_e2b,1591,unrestricted,,,
gemma_4_e2b,1592,unrestricted,,,
gemma_4_e2b,1593,unrestricted,,,
gemma_4_e2b,1594,unrestricted,,,
gemma_4_e2b,1595,unrestricted,,,
gemma_4_e2b,1596,unrestricted,,,
gemma_4_e2b,1597,unrestricted,0.774,0.0,0.387
gemma_4_e2b,1598,unrestricted,,,
gemma_4_e2b,1599,unrestricted,,,
gemma_4_e2b,1600,unrestricted,,,
gemma_4_e2b,1601,unrestricted,,,
gemma_4_e2b,1602,unrestricted,,,
gemma_4_e2b,1603,unrestricted,,,
gemma_4_e2b,1604,unrestricted,0.2718,0.0,0.1359
gemma_4_e2b,1605,unrestricted,,,
gemma_4_e2b,1606,unrestricted,,,
gemma_4_e2b,1607,unrestricted,,,
gemma_4_e2b,1608,unrestricted,,,
gemma_4_e2b,1609,unrestricted,,,
gemma_4_e2b,1610,unrestricted,,,
gemma_4_e2b,1611,unrestricted,,,
gemma_4_e2b,1612,unrestricted,,,
gemma_4_e2b,1613,unrestricted,,,
gemma_4_e2b,1614,unrestricted,,,
gemma_4_e2b,1615,unrestricted,,,
gemma_4_e2b,1616,unrestricted,,,
gemma_4_e2b,1617,unrestricted,0.9368,0.0,0.4684
gemma_4_e2b,1618,unrestricted,,,
gemma_4_e2b,1619,unrestricted,,,
gemma_4_e2b,1620,unrestricted,,,
gemma_4_e2b,1621,unrestricted,,,
gemma_4_e2b,1622,unrestricted,,,
gemma_4_e2b,1623,unrestricted,,,
gemma_4_e2b,1624,unrestricted,,,
gemma_4_e2b,1625,unrestricted,,,
gemma_4_e2b,1626,unrestricted,,,
gemma_4_e2b,1627,unrestricted,,,
gemma_4_e2b,1628,unrestricted,,,
gemma_4_e2b,1629,unrestricted,,,
gemma_4_e2b,1630,unrestricted,0.9565,0.0,0.4783
gemma_4_e2b,1631,unrestricted,,,
gemma_4_e2b,1632,unrestricted,,,
gemma_4_e2b,1633,unrestricted,0.0337,0.0,0.0169
gemma_4_e2b,1634,unrestricted,,,
gemma_4_e2b,1635,unrestricted,,,
gemma_4_e2b,1636,unrestricted,,,
gemma_4_e2b,1637,unrestricted,,,
gemma_4_e2b,1638,unrestricted,,,
gemma_4_e2b,1639,unrestricted,,,
gemma_4_e2b,1640,unrestricted,,,
gemma_4_e2b,1641,unrestricted,,,
gemma_4_e2b,1642,unrestricted,0.0224,0.0,0.0112
gemma_4_e2b,1643,unrestricted,,,
gemma_4_e2b,1644,unrestricted,0.8266,0.0,0.4133
gemma_4_e2b,1645,unrestricted,0.0374,0.0,0.0187
gemma_4_e2b,1646,unrestricted,,,
gemma_4_e2b,1647,unrestricted,,,
gemma_4_e2b,1648,unrestricted,,,
gemma_4_e2b,1649,unrestricted,,,
gemma_4_e2b,1650,unrestricted,,,
gemma_4_e2b,1651,unrestricted,,,
gemma_4_e2b,1652,unrestricted,0.0343,0.0,0.0172
gemma_4_e2b,1653,unrestricted,0.0234,0.0,0.0117
gemma_4_e2b,1654,unrestricted,0.9821,0.0,0.4911
gemma_4_e2b,1655,unrestricted,,,
gemma_4_e2b,1656,unrestricted,0.7861,0.0,0.3931
gemma_4_e2b,1657,unrestricted,,,
gemma_4_e2b,1658,unrestricted,,,
gemma_4_e2b,1659,unrestricted,,,
gemma_4_e2b,1660,unrestricted,,,
gemma_4_e2b,1661,unrestricted,,,
gemma_4_e2b,1662,unrestricted,,,
gemma_4_e2b,1663,unrestricted,,,
gemma_4_e2b,1664,unrestricted,,,
gemma_4_e2b,1665,unrestricted,,,
gemma_4_e2b,1666,unrestricted,,,
gemma_4_e2b,1667,unrestricted,,,
gemma_4_e2b,1668,unrestricted,0.0503,0.0,0.0251
gemma_4_e2b,1669,unrestricted,,,
gemma_4_e2b,1670,unrestricted,,,
gemma_4_e2b,1671,unrestricted,,,
gemma_4_e2b,1672,unrestricted,0.7882,0.0,0.3941
gemma_4_e2b,1673,unrestricted,,,
gemma_4_e2b,1674,unrestricted,,,
gemma_4_e2b,1675,unrestricted,,,
gemma_4_e2b,1676,unrestricted,,,
gemma_4_e2b,1677,unrestricted,0.9029,0.013,0.458
gemma_4_e2b,1678,unrestricted,0.0394,0.0,0.0197
gemma_4_e2b,1679,unrestricted,,,
gemma_4_e2b,1680,unrestricted,,,
gemma_4_e2b,1681,unrestricted,,,
gemma_4_e2b,1682,unrestricted,,,
gemma_4_e2b,1683,unrestricted,,,
gemma_4_e2b,1684,unrestricted,0.012,0.0,0.006
gemma_4_e2b,1685,unrestricted,,,
gemma_4_e2b,1686,unrestricted,0.0098,0.0,0.0049
gemma_4_e2b,1687,unrestricted,0.0143,0.0,0.0072
gemma_4_e2b,1688,unrestricted,0.0513,0.0,0.0257
gemma_4_e2b,1689,unrestricted,,,
gemma_4_e2b,1690,unrestricted,,,
gemma_4_e2b,1691,unrestricted,,,
gemma_4_e2b,1692,unrestricted,,,
gemma_4_e2b,1693,unrestricted,,,
gemma_4_e2b,1694,unrestricted,,,
gemma_4_e2b,1695,unrestricted,0.0206,0.0,0.0103
gemma_4_e2b,1696,unrestricted,,,
gemma_4_e2b,1697,unrestricted,,,
gemma_4_e2b,1698,unrestricted,,,
gemma_4_e2b,1699,unrestricted,,,
gemma_4_e2b,1700,unrestricted,0.9179,0.0,0.459
gemma_4_e2b,1701,unrestricted,,,
gemma_4_e2b,1702,unrestricted,,,
gemma_4_e2b,1703,unrestricted,,,
gemma_4_e2b,1704,unrestricted,0.9988,0.0,0.4994
gemma_4_e2b,1705,unrestricted,,,
gemma_4_e2b,1706,unrestricted,,,
gemma_4_e2b,1707,unrestricted,0.0152,0.0,0.0076
gemma_4_e2b,1708,unrestricted,,,
gemma_4_e2b,1709,unrestricted,0.885,0.0,0.4425
gemma_4_e2b,1710,unrestricted,0.024,0.0,0.012
gemma_4_e2b,1711,unrestricted,,,
gemma_4_e2b,1712,unrestricted,,,
gemma_4_e2b,1713,unrestricted,,,
gemma_4_e2b,1714,unrestricted,,,
gemma_4_e2b,1715,unrestricted,,,
gemma_4_e2b,1716,unrestricted,,,
gemma_4_e2b,1717,unrestricted,,,
gemma_4_e2b,1718,unrestricted,0.0147,0.0,0.0073
gemma_4_e2b,1719,unrestricted,,,
gemma_4_e2b,1720,unrestricted,,,
gemma_4_e2b,1721,unrestricted,,,
gemma_4_e2b,1722,unrestricted,,,
gemma_4_e2b,1723,unrestricted,,,
gemma_4_e2b,1724,unrestricted,,,
gemma_4_e2b,1725,unrestricted,0.7792,0.0,0.3896
gemma_4_e2b,1726,unrestricted,,,
gemma_4_e2b,1727,unrestricted,0.4531,0.0,0.2266
gemma_4_e2b,1728,unrestricted,,,
gemma_4_e2b,1729,unrestricted,,,
gemma_4_e2b,1730,unrestricted,,,
gemma_4_e2b,1731,unrestricted,0.9116,0.0278,0.4697
gemma_4_e2b,1732,unrestricted,,,
gemma_4_e2b,1733,unrestricted,,,
gemma_4_e2b,1734,unrestricted,,,
gemma_4_e2b,1735,unrestricted,,,
gemma_4_e2b,1736,unrestricted,,,
gemma_4_e2b,1737,unrestricted,,,
gemma_4_e2b,1738,unrestricted,,,
gemma_4_e2b,1739,unrestricted,,,
gemma_4_e2b,1740,unrestricted,,,
gemma_4_e2b,1741,unrestricted,,,
gemma_4_e2b,1742,unrestricted,,,
gemma_4_e2b,1743,unrestricted,,,
gemma_4_e2b,1744,unrestricted,,,
gemma_4_e2b,1745,unrestricted,,,
gemma_4_e2b,1746,unrestricted,,,
gemma_4_e2b,1747,unrestricted,,,
gemma_4_e2b,1748,unrestricted,,,
gemma_4_e2b,1749,unrestricted,,,
gemma_4_e2b,1750,unrestricted,,,
gemma_4_e2b,1751,unrestricted,,,
gemma_4_e2b,1752,unrestricted,0.034,0.0,0.017
gemma_4_e2b,1753,unrestricted,,,
gemma_4_e2b,1754,unrestricted,,,
gemma_4_e2b,1755,unrestricted,,,
gemma_4_e2b,1756,unrestricted,,,
gemma_4_e2b,1757,unrestricted,,,
gemma_4_e2b,1758,unrestricted,,,
gemma_4_e2b,1759,unrestricted,,,
gemma_4_e2b,1760,unrestricted,,,
gemma_4_e2b,1761,unrestricted,0.0309,0.0,0.0154
gemma_4_e2b,1762,unrestricted,,,
gemma_4_e2b,1763,unrestricted,,,
gemma_4_e2b,1764,unrestricted,,,
gemma_4_e2b,1765,unrestricted,,,
gemma_4_e2b,1766,unrestricted,,,
gemma_4_e2b,1767,unrestricted,,,
gemma_4_e2b,1768,unrestricted,,,
gemma_4_e2b,1769,unrestricted,,,
gemma_4_e2b,1770,unrestricted,,,
gemma_4_e2b,1771,unrestricted,,,
gemma_4_e2b,1772,unrestricted,,,
gemma_4_e2b,1773,unrestricted,,,
gemma_4_e2b,1774,unrestricted,0.9814,0.0,0.4907
gemma_4_e2b,1775,unrestricted,,,
gemma_4_e2b,1776,unrestricted,,,
gemma_4_e2b,1777,unrestricted,,,
gemma_4_e2b,1778,unrestricted,,,
gemma_4_e2b,1779,unrestricted,,,
gemma_4_e2b,1780,unrestricted,0.9903,0.0,0.4952
gemma_4_e2b,1781,unrestricted,,,
gemma_4_e2b,1782,unrestricted,,,
gemma_4_e2b,1783,unrestricted,0.6,0.0,0.3
gemma_4_e2b,1784,unrestricted,,,
gemma_4_e2b,1785,unrestricted,,,
gemma_4_e2b,1786,unrestricted,,,
gemma_4_e2b,1787,unrestricted,,,
gemma_4_e2b,1788,unrestricted,,,
gemma_4_e2b,1789,unrestricted,0.4194,0.0,0.2097
gemma_4_e2b,1790,unrestricted,,,
gemma_4_e2b,1791,unrestricted,,,
gemma_4_e2b,1792,unrestricted,,,
gemma_4_e2b,1793,unrestricted,,,
gemma_4_e2b,1794,unrestricted,0.0226,0.0,0.0113
gemma_4_e2b,1795,unrestricted,,,
gemma_4_e2b,1796,unrestricted,,,
gemma_4_e2b,1797,unrestricted,,,
gemma_4_e2b,1798,unrestricted,,,
gemma_4_e2b,1799,unrestricted,0.0279,0.0,0.014
qwen2_audio_7b,0,baseline,0.4961,0.0769,0.2865
qwen2_audio_7b,1,baseline,0.981,0.0667,0.5238
qwen2_audio_7b,2,baseline,0.4734,0.0469,0.2601
qwen2_audio_7b,3,baseline,0.7756,0.1111,0.4434
qwen2_audio_7b,4,baseline,0.7385,0.0,0.3692
qwen2_audio_7b,5,baseline,0.4061,0.0588,0.2324
qwen2_audio_7b,6,baseline,0.9595,0.2381,0.5988
qwen2_audio_7b,7,baseline,0.9489,0.625,0.7869
qwen2_audio_7b,8,baseline,0.8366,0.1333,0.485
qwen2_audio_7b,9,baseline,0.9333,0.4,0.6667
qwen2_audio_7b,10,baseline,0.9746,0.0667,0.5206
qwen2_audio_7b,11,baseline,0.9907,0.1333,0.562
qwen2_audio_7b,12,baseline,0.7348,0.0714,0.4031
qwen2_audio_7b,13,baseline,0.9293,0.0,0.4646
qwen2_audio_7b,14,baseline,0.4643,0.125,0.2946
qwen2_audio_7b,15,baseline,0.872,0.06,0.466
qwen2_audio_7b,16,baseline,0.7094,0.2222,0.4658
qwen2_audio_7b,17,baseline,0.2584,0.0625,0.1605
qwen2_audio_7b,18,baseline,0.7078,0.1864,0.4471
qwen2_audio_7b,19,baseline,0.5678,0.0714,0.3196
qwen2_audio_7b,20,baseline,0.305,0.0,0.1525
qwen2_audio_7b,21,baseline,0.8769,0.1111,0.494
qwen2_audio_7b,22,baseline,0.8629,0.1053,0.4841
qwen2_audio_7b,23,baseline,0.9643,0.3846,0.6745
qwen2_audio_7b,24,baseline,0.4795,0.0526,0.2661
qwen2_audio_7b,25,baseline,0.1996,0.0,0.0998
qwen2_audio_7b,26,baseline,0.1351,0.0,0.0676
qwen2_audio_7b,27,baseline,0.6071,0.2143,0.4107
qwen2_audio_7b,28,baseline,0.8205,0.0556,0.438
qwen2_audio_7b,29,baseline,0.708,0.2308,0.4694
qwen2_audio_7b,30,baseline,0.9756,0.1667,0.5711
qwen2_audio_7b,31,baseline,0.472,0.25,0.361
qwen2_audio_7b,32,baseline,0.8938,0.0667,0.4802
qwen2_audio_7b,33,baseline,0.9227,0.3333,0.628
qwen2_audio_7b,34,baseline,0.5698,0.1111,0.3404
qwen2_audio_7b,35,baseline,0.4513,0.0833,0.2673
qwen2_audio_7b,36,baseline,0.6129,0.3333,0.4731
qwen2_audio_7b,37,baseline,0.86,0.2353,0.5476
qwen2_audio_7b,38,baseline,0.7412,0.0714,0.4063
qwen2_audio_7b,39,baseline,0.4112,0.1111,0.2612
qwen2_audio_7b,40,baseline,0.8047,0.125,0.4648
qwen2_audio_7b,41,baseline,0.8298,0.0769,0.4534
qwen2_audio_7b,42,baseline,0.504,0.0,0.252
qwen2_audio_7b,43,baseline,0.7382,0.0706,0.4044
qwen2_audio_7b,44,baseline,0.8125,0.1818,0.4972
qwen2_audio_7b,45,baseline,0.9677,0.7333,0.8505
qwen2_audio_7b,46,baseline,0.9481,0.0909,0.5195
qwen2_audio_7b,47,baseline,0.7329,0.25,0.4915
qwen2_audio_7b,48,baseline,0.604,0.0909,0.3474
qwen2_audio_7b,49,baseline,0.5652,0.3333,0.4493
qwen2_audio_7b,50,baseline,0.7826,0.0909,0.4368
qwen2_audio_7b,51,baseline,0.8333,0.1667,0.5
qwen2_audio_7b,52,baseline,0.4696,0.0526,0.2611
qwen2_audio_7b,53,baseline,0.9126,0.0833,0.498
qwen2_audio_7b,54,baseline,0.7257,0.0769,0.4013
qwen2_audio_7b,55,baseline,0.6917,0.0588,0.3752
qwen2_audio_7b,56,baseline,0.6957,0.0,0.3478
qwen2_audio_7b,57,baseline,0.5166,0.0147,0.2657
qwen2_audio_7b,58,baseline,0.3583,0.0345,0.1964
qwen2_audio_7b,59,baseline,0.9881,0.1818,0.585
qwen2_audio_7b,60,baseline,0.7857,0.125,0.4554
qwen2_audio_7b,61,baseline,0.6879,0.1333,0.4106
qwen2_audio_7b,62,baseline,0.757,0.0833,0.4202
qwen2_audio_7b,63,baseline,0.6441,0.0833,0.3637
qwen2_audio_7b,64,baseline,0.7343,0.0667,0.4005
qwen2_audio_7b,65,baseline,0.5402,0.1,0.3201
qwen2_audio_7b,66,baseline,0.9899,0.875,0.9324
qwen2_audio_7b,67,baseline,0.8053,0.0714,0.4384
qwen2_audio_7b,68,baseline,0.8727,0.2857,0.5792
qwen2_audio_7b,69,baseline,0.5926,0.0667,0.3296
qwen2_audio_7b,70,baseline,0.6907,0.0,0.3454
qwen2_audio_7b,71,baseline,0.9412,0.3333,0.6373
qwen2_audio_7b,72,baseline,0.1508,0.0,0.0754
qwen2_audio_7b,73,baseline,0.9661,0.3333,0.6497
qwen2_audio_7b,74,baseline,0.3611,0.0,0.1806
qwen2_audio_7b,75,baseline,0.8971,0.1667,0.5319
qwen2_audio_7b,76,baseline,0.9432,0.2308,0.587
qwen2_audio_7b,77,baseline,0.7931,0.0,0.3966
qwen2_audio_7b,78,baseline,0.346,0.027,0.1865
qwen2_audio_7b,79,baseline,0.678,0.0,0.339
qwen2_audio_7b,80,baseline,0.8462,0.1,0.4731
qwen2_audio_7b,81,baseline,0.961,0.2222,0.5916
qwen2_audio_7b,82,baseline,0.8421,0.0,0.4211
qwen2_audio_7b,83,baseline,0.75,0.2857,0.5179
qwen2_audio_7b,84,baseline,0.8043,0.2857,0.545
qwen2_audio_7b,85,baseline,0.35,0.0667,0.2083
qwen2_audio_7b,86,baseline,0.9481,0.1818,0.5649
qwen2_audio_7b,87,baseline,0.7037,0.1667,0.4352
qwen2_audio_7b,88,baseline,0.7561,0.0,0.378
qwen2_audio_7b,89,baseline,0.7368,0.2,0.4684
qwen2_audio_7b,90,baseline,0.3397,0.0,0.1699
qwen2_audio_7b,91,baseline,1.0,0.0,0.5
qwen2_audio_7b,92,baseline,0.6364,0.1818,0.4091
qwen2_audio_7b,93,baseline,0.7733,0.3333,0.5533
qwen2_audio_7b,94,baseline,0.6818,0.1429,0.4123
qwen2_audio_7b,95,baseline,0.6813,0.1818,0.4316
qwen2_audio_7b,96,baseline,0.9423,0.3333,0.6378
qwen2_audio_7b,97,baseline,1.0,0.6667,0.8333
qwen2_audio_7b,98,baseline,0.9863,0.1818,0.5841
qwen2_audio_7b,99,baseline,0.7763,0.0,0.3882
qwen2_audio_7b,100,baseline,0.8043,0.2222,0.5133
qwen2_audio_7b,101,baseline,0.64,0.1429,0.3914
qwen2_audio_7b,102,baseline,1.0,0.6,0.8
qwen2_audio_7b,103,baseline,0.8974,0.1667,0.5321
qwen2_audio_7b,104,baseline,0.6356,0.0667,0.3511
qwen2_audio_7b,105,baseline,0.9565,0.4444,0.7005
qwen2_audio_7b,106,baseline,0.7619,0.0909,0.4264
qwen2_audio_7b,107,baseline,0.6571,0.2,0.4286
qwen2_audio_7b,108,baseline,0.7536,0.25,0.5018
qwen2_audio_7b,109,baseline,0.6923,0.0,0.3462
qwen2_audio_7b,110,baseline,0.8592,0.0,0.4296
qwen2_audio_7b,111,baseline,0.6118,0.0476,0.3297
qwen2_audio_7b,112,baseline,0.6686,0.15,0.4093
qwen2_audio_7b,113,baseline,0.9835,0.1429,0.5632
qwen2_audio_7b,114,baseline,0.4492,0.0,0.2246
qwen2_audio_7b,115,baseline,0.831,0.0909,0.4609
qwen2_audio_7b,116,baseline,0.2744,0.1304,0.2024
qwen2_audio_7b,117,baseline,0.7863,0.125,0.4557
qwen2_audio_7b,118,baseline,0.7158,0.0714,0.3936
qwen2_audio_7b,119,baseline,0.8704,0.0,0.4352
qwen2_audio_7b,120,baseline,0.9844,0.1429,0.5636
qwen2_audio_7b,121,baseline,0.6515,0.7143,0.6829
qwen2_audio_7b,122,baseline,0.6577,0.1667,0.4122
qwen2_audio_7b,123,baseline,0.4954,0.1,0.2977
qwen2_audio_7b,124,baseline,0.75,0.2857,0.5179
qwen2_audio_7b,125,baseline,0.9143,0.0588,0.4866
qwen2_audio_7b,126,baseline,0.2311,0.0149,0.123
qwen2_audio_7b,127,baseline,0.6071,0.0909,0.349
qwen2_audio_7b,128,baseline,0.7903,0.0,0.3952
qwen2_audio_7b,129,baseline,0.9672,0.6,0.7836
qwen2_audio_7b,130,baseline,0.859,0.0,0.4295
qwen2_audio_7b,131,baseline,0.4545,0.0625,0.2585
qwen2_audio_7b,132,baseline,0.9194,0.0,0.4597
qwen2_audio_7b,133,baseline,0.7368,0.0,0.3684
qwen2_audio_7b,134,baseline,0.9836,0.0,0.4918
qwen2_audio_7b,135,baseline,0.5339,0.2308,0.3823
qwen2_audio_7b,136,baseline,1.0,0.0,0.5
qwen2_audio_7b,137,baseline,0.9279,0.65,0.789
qwen2_audio_7b,138,baseline,0.8618,0.05,0.4559
qwen2_audio_7b,139,baseline,0.8596,0.0435,0.4516
qwen2_audio_7b,140,baseline,0.7364,0.0588,0.3976
qwen2_audio_7b,141,baseline,0.8623,0.0,0.4311
qwen2_audio_7b,142,baseline,0.8448,0.3333,0.5891
qwen2_audio_7b,143,baseline,0.9672,0.3571,0.6622
qwen2_audio_7b,144,baseline,0.6059,0.0,0.3029
qwen2_audio_7b,145,baseline,0.9103,0.0476,0.479
qwen2_audio_7b,146,baseline,0.8684,0.0,0.4342
qwen2_audio_7b,147,baseline,0.8031,0.3,0.5516
qwen2_audio_7b,148,baseline,0.6835,0.1,0.3918
qwen2_audio_7b,149,baseline,0.8699,0.7,0.7849
qwen2_audio_7b,150,baseline,0.7955,0.0,0.3977
qwen2_audio_7b,151,baseline,0.4777,0.1176,0.2977
qwen2_audio_7b,152,baseline,0.7778,0.0526,0.4152
qwen2_audio_7b,153,baseline,0.6961,0.1304,0.4133
qwen2_audio_7b,154,baseline,0.3174,0.0,0.1587
qwen2_audio_7b,155,baseline,0.7434,0.0,0.3717
qwen2_audio_7b,156,baseline,0.8817,0.0,0.4409
qwen2_audio_7b,157,baseline,0.9818,0.2273,0.6045
qwen2_audio_7b,158,baseline,0.7226,0.0,0.3613
qwen2_audio_7b,159,baseline,0.525,0.0455,0.2852
qwen2_audio_7b,160,baseline,0.5991,0.6111,0.6051
qwen2_audio_7b,161,baseline,0.9647,0.7143,0.8395
qwen2_audio_7b,162,baseline,0.8354,0.1111,0.4733
qwen2_audio_7b,163,baseline,0.44,0.0625,0.2512
qwen2_audio_7b,164,baseline,0.9728,0.2632,0.618
qwen2_audio_7b,165,baseline,0.9543,0.0678,0.5111
qwen2_audio_7b,166,baseline,0.9208,0.1667,0.5437
qwen2_audio_7b,167,baseline,0.5904,0.0,0.2952
qwen2_audio_7b,168,baseline,0.3423,0.0145,0.1784
qwen2_audio_7b,169,baseline,0.4724,0.1667,0.3195
qwen2_audio_7b,170,baseline,0.925,0.2273,0.5761
qwen2_audio_7b,171,baseline,0.8581,0.25,0.5541
qwen2_audio_7b,172,baseline,0.7006,0.5,0.6003
qwen2_audio_7b,173,baseline,1.0,0.8667,0.9333
qwen2_audio_7b,174,baseline,0.6462,0.1538,0.4
qwen2_audio_7b,175,baseline,0.9138,0.2727,0.5933
qwen2_audio_7b,176,baseline,0.9126,0.381,0.6468
qwen2_audio_7b,177,baseline,0.9131,0.1071,0.5101
qwen2_audio_7b,178,baseline,0.2922,0.0,0.1461
qwen2_audio_7b,179,baseline,0.7022,0.3636,0.5329
qwen2_audio_7b,180,baseline,0.6557,0.0,0.3279
qwen2_audio_7b,181,baseline,0.9692,0.8333,0.9013
qwen2_audio_7b,182,baseline,0.7273,0.0714,0.3994
qwen2_audio_7b,183,baseline,1.0,1.0,1.0
qwen2_audio_7b,184,baseline,0.897,0.4444,0.6707
qwen2_audio_7b,185,baseline,0.966,0.8235,0.8948
qwen2_audio_7b,186,baseline,0.8125,0.0,0.4062
qwen2_audio_7b,187,baseline,0.4671,0.0,0.2335
qwen2_audio_7b,188,baseline,0.7413,0.0833,0.4123
qwen2_audio_7b,189,baseline,0.3878,0.0556,0.2217
qwen2_audio_7b,190,baseline,0.8521,0.0,0.4261
qwen2_audio_7b,191,baseline,0.5339,0.0,0.2669
qwen2_audio_7b,192,baseline,0.7789,0.1818,0.4804
qwen2_audio_7b,193,baseline,0.83,0.0833,0.4567
qwen2_audio_7b,194,baseline,0.4111,0.0588,0.235
qwen2_audio_7b,195,baseline,0.581,0.0,0.2905
qwen2_audio_7b,196,baseline,0.9831,0.2857,0.6344
qwen2_audio_7b,197,baseline,0.3458,0.0,0.1729
qwen2_audio_7b,198,baseline,0.8947,0.1818,0.5383
qwen2_audio_7b,199,baseline,0.8871,0.0588,0.473
qwen2_audio_7b,200,baseline,0.7838,0.1,0.4419
qwen2_audio_7b,201,baseline,0.8879,0.0588,0.4734
qwen2_audio_7b,202,baseline,0.9231,0.0,0.4615
qwen2_audio_7b,203,baseline,0.8716,0.0769,0.4742
qwen2_audio_7b,204,baseline,0.1687,0.1429,0.1558
qwen2_audio_7b,205,baseline,0.7097,0.0833,0.3965
qwen2_audio_7b,206,baseline,0.2738,0.0,0.1369
qwen2_audio_7b,207,baseline,0.9724,0.5294,0.7509
qwen2_audio_7b,208,baseline,0.6556,0.0,0.3278
qwen2_audio_7b,209,baseline,0.6782,0.0833,0.3807
qwen2_audio_7b,210,baseline,0.6099,0.0526,0.3313
qwen2_audio_7b,211,baseline,0.5765,0.0,0.2882
qwen2_audio_7b,212,baseline,0.5,0.0,0.25
qwen2_audio_7b,213,baseline,0.6489,0.1667,0.4078
qwen2_audio_7b,214,baseline,0.466,0.1,0.283
qwen2_audio_7b,215,baseline,0.832,0.0714,0.4517
qwen2_audio_7b,216,baseline,0.6162,0.0909,0.3535
qwen2_audio_7b,217,baseline,0.6322,0.0909,0.3615
qwen2_audio_7b,218,baseline,0.4245,0.0,0.2122
qwen2_audio_7b,219,baseline,0.6627,0.0476,0.3551
qwen2_audio_7b,220,baseline,0.0988,0.0,0.0494
qwen2_audio_7b,221,baseline,0.4234,0.0625,0.2429
qwen2_audio_7b,222,baseline,0.93,0.0833,0.5067
qwen2_audio_7b,223,baseline,0.5905,0.1667,0.3786
qwen2_audio_7b,224,baseline,0.8871,0.1111,0.4991
qwen2_audio_7b,225,baseline,0.8732,0.0,0.4366
qwen2_audio_7b,226,baseline,0.1944,0.0,0.0972
qwen2_audio_7b,227,baseline,0.6444,0.0714,0.3579
qwen2_audio_7b,228,baseline,0.7037,0.0,0.3519
qwen2_audio_7b,229,baseline,0.7273,0.2,0.4636
qwen2_audio_7b,230,baseline,0.3857,0.375,0.3804
qwen2_audio_7b,231,baseline,0.7973,0.1111,0.4542
qwen2_audio_7b,232,baseline,0.25,0.0,0.125
qwen2_audio_7b,233,baseline,0.9227,0.3333,0.628
qwen2_audio_7b,234,baseline,0.5439,0.6,0.5719
qwen2_audio_7b,235,baseline,0.4737,0.0625,0.2681
qwen2_audio_7b,236,baseline,0.2833,0.0625,0.1729
qwen2_audio_7b,237,baseline,0.9032,0.1111,0.5072
qwen2_audio_7b,238,baseline,0.4941,0.0833,0.2887
qwen2_audio_7b,239,baseline,0.6847,0.0909,0.3878
qwen2_audio_7b,240,baseline,0.9884,0.25,0.6192
qwen2_audio_7b,241,baseline,0.2171,0.0769,0.147
qwen2_audio_7b,242,baseline,0.0161,0.0,0.0081
qwen2_audio_7b,243,baseline,0.4586,0.0244,0.2415
qwen2_audio_7b,244,baseline,0.9333,0.0,0.4667
qwen2_audio_7b,245,baseline,0.7222,0.0476,0.3849
qwen2_audio_7b,246,baseline,0.95,0.3333,0.6417
qwen2_audio_7b,247,baseline,0.9882,0.5,0.7441
qwen2_audio_7b,248,baseline,0.878,0.2,0.539
qwen2_audio_7b,249,baseline,0.5833,0.25,0.4167
qwen2_audio_7b,250,baseline,0.2523,0.0,0.1261
qwen2_audio_7b,251,baseline,0.6495,0.1818,0.4157
qwen2_audio_7b,252,baseline,0.72,0.0714,0.3957
qwen2_audio_7b,253,baseline,0.85,0.0667,0.4583
qwen2_audio_7b,254,baseline,0.863,0.0909,0.477
qwen2_audio_7b,255,baseline,0.9873,0.0909,0.5391
qwen2_audio_7b,256,baseline,0.45,0.0909,0.2705
qwen2_audio_7b,257,baseline,0.236,0.0769,0.1564
qwen2_audio_7b,258,baseline,0.425,0.2857,0.3554
qwen2_audio_7b,259,baseline,0.7381,0.1818,0.46
qwen2_audio_7b,260,baseline,0.8833,0.1429,0.5131
qwen2_audio_7b,261,baseline,0.4478,0.1429,0.2953
qwen2_audio_7b,262,baseline,0.7025,0.0,0.3512
qwen2_audio_7b,263,baseline,0.7805,0.1111,0.4458
qwen2_audio_7b,264,baseline,0.7296,0.05,0.3898
qwen2_audio_7b,265,baseline,0.2313,0.0455,0.1384
qwen2_audio_7b,266,baseline,0.984,0.5294,0.7567
qwen2_audio_7b,267,baseline,0.6271,0.25,0.4386
qwen2_audio_7b,268,baseline,0.6712,0.0,0.3356
qwen2_audio_7b,269,baseline,0.8125,0.0,0.4062
qwen2_audio_7b,270,baseline,0.0405,0.0,0.0202
qwen2_audio_7b,271,baseline,0.4265,0.2857,0.3561
qwen2_audio_7b,272,baseline,0.3,0.0,0.15
qwen2_audio_7b,273,baseline,0.377,0.25,0.3135
qwen2_audio_7b,274,baseline,0.6667,0.25,0.4583
qwen2_audio_7b,275,baseline,0.5,0.0,0.25
qwen2_audio_7b,276,baseline,0.7765,0.1818,0.4791
qwen2_audio_7b,277,baseline,0.1515,0.0,0.0758
qwen2_audio_7b,278,baseline,0.1,0.0,0.05
qwen2_audio_7b,279,baseline,0.1795,0.0,0.0897
qwen2_audio_7b,280,baseline,0.7677,0.0769,0.4223
qwen2_audio_7b,281,baseline,0.9577,0.25,0.6039
qwen2_audio_7b,282,baseline,0.8667,0.3333,0.6
qwen2_audio_7b,283,baseline,0.4,0.0,0.2
qwen2_audio_7b,284,baseline,0.7241,0.4,0.5621
qwen2_audio_7b,285,baseline,0.5765,0.2222,0.3993
qwen2_audio_7b,286,baseline,0.3571,0.0,0.1786
qwen2_audio_7b,287,baseline,0.1452,0.0,0.0726
qwen2_audio_7b,288,baseline,0.52,0.0,0.26
qwen2_audio_7b,289,baseline,0.9091,0.5,0.7045
qwen2_audio_7b,290,baseline,0.4773,0.0,0.2386
qwen2_audio_7b,291,baseline,0.7778,0.0,0.3889
qwen2_audio_7b,292,baseline,0.3962,0.0,0.1981
qwen2_audio_7b,293,baseline,0.9194,0.2,0.5597
qwen2_audio_7b,294,baseline,1.0,1.0,1.0
qwen2_audio_7b,295,baseline,0.4038,0.0,0.2019
qwen2_audio_7b,296,baseline,1.0,0.0,0.5
qwen2_audio_7b,297,baseline,0.9828,0.3333,0.658
qwen2_audio_7b,298,baseline,0.661,0.3333,0.4972
qwen2_audio_7b,299,baseline,0.3214,0.0,0.1607
qwen2_audio_7b,300,baseline,0.0149,0.0,0.0075
qwen2_audio_7b,301,baseline,0.1429,0.0,0.0714
qwen2_audio_7b,302,baseline,1.0,0.3333,0.6667
qwen2_audio_7b,303,baseline,0.8551,0.2,0.5275
qwen2_audio_7b,304,baseline,0.9242,0.0,0.4621
qwen2_audio_7b,305,baseline,0.7,0.0,0.35
qwen2_audio_7b,306,baseline,0.7167,0.0,0.3583
qwen2_audio_7b,307,baseline,0.5789,0.4,0.4895
qwen2_audio_7b,308,baseline,0.1087,0.0,0.0543
qwen2_audio_7b,309,baseline,0.6667,0.25,0.4583
qwen2_audio_7b,310,baseline,0.5581,0.0,0.2791
qwen2_audio_7b,311,baseline,0.2,0.0,0.1
qwen2_audio_7b,312,baseline,0.9789,0.5,0.7395
qwen2_audio_7b,313,baseline,0.0825,0.0,0.0412
qwen2_audio_7b,314,baseline,0.9245,0.3333,0.6289
qwen2_audio_7b,315,baseline,0.8636,0.3333,0.5985
qwen2_audio_7b,316,baseline,0.15,0.0,0.075
qwen2_audio_7b,317,baseline,0.4043,0.0,0.2021
qwen2_audio_7b,318,baseline,0.7073,0.1818,0.4446
qwen2_audio_7b,319,baseline,0.8125,0.0,0.4062
qwen2_audio_7b,320,baseline,0.3623,0.0,0.1812
qwen2_audio_7b,321,baseline,0.6716,0.5,0.5858
qwen2_audio_7b,322,baseline,0.46,0.0,0.23
qwen2_audio_7b,323,baseline,0.3333,0.0,0.1667
qwen2_audio_7b,324,baseline,0.4583,0.0,0.2292
qwen2_audio_7b,325,baseline,0.977,0.3,0.6385
qwen2_audio_7b,326,baseline,0.3566,0.0,0.1783
qwen2_audio_7b,327,baseline,0.4286,0.125,0.2768
qwen2_audio_7b,328,baseline,0.9,0.0,0.45
qwen2_audio_7b,329,baseline,0.8143,0.0,0.4071
qwen2_audio_7b,330,baseline,1.0,1.0,1.0
qwen2_audio_7b,331,baseline,0.3333,0.0,0.1667
qwen2_audio_7b,332,baseline,0.2105,0.0,0.1053
qwen2_audio_7b,333,baseline,0.7705,0.2857,0.5281
qwen2_audio_7b,334,baseline,0.5833,0.0,0.2917
qwen2_audio_7b,335,baseline,0.9706,0.4,0.6853
qwen2_audio_7b,336,baseline,0.1842,0.0,0.0921
qwen2_audio_7b,337,baseline,0.4337,0.0526,0.2432
qwen2_audio_7b,338,baseline,0.5556,0.0,0.2778
qwen2_audio_7b,339,baseline,0.8724,0.6111,0.7418
qwen2_audio_7b,340,baseline,0.8465,0.5263,0.6864
qwen2_audio_7b,341,baseline,0.7396,0.1,0.4198
qwen2_audio_7b,342,baseline,0.56,0.0,0.28
qwen2_audio_7b,343,baseline,0.8889,0.2727,0.5808
qwen2_audio_7b,344,baseline,0.0128,0.0,0.0064
qwen2_audio_7b,345,baseline,0.9101,0.5263,0.7182
qwen2_audio_7b,346,baseline,0.6316,0.0,0.3158
qwen2_audio_7b,347,baseline,0.867,0.1818,0.5244
qwen2_audio_7b,348,baseline,0.6064,0.0,0.3032
qwen2_audio_7b,349,baseline,0.7863,0.25,0.5182
qwen2_audio_7b,350,baseline,0.8689,0.2857,0.5773
qwen2_audio_7b,351,baseline,0.3136,0.1667,0.2401
qwen2_audio_7b,352,baseline,0.0238,0.0,0.0119
qwen2_audio_7b,353,baseline,0.8261,0.1,0.463
qwen2_audio_7b,354,baseline,0.9543,0.6111,0.7827
qwen2_audio_7b,355,baseline,0.7749,0.04,0.4074
qwen2_audio_7b,356,baseline,0.6078,0.0909,0.3494
qwen2_audio_7b,357,baseline,0.3846,0.0,0.1923
qwen2_audio_7b,358,baseline,1.0,1.0,1.0
qwen2_audio_7b,359,baseline,0.2313,0.0,0.1156
qwen2_audio_7b,360,baseline,0.9783,0.5652,0.7717
qwen2_audio_7b,361,baseline,0.5732,0.375,0.4741
qwen2_audio_7b,362,baseline,0.4301,0.05,0.24
qwen2_audio_7b,363,baseline,0.5444,0.1111,0.3278
qwen2_audio_7b,364,baseline,0.6667,0.0556,0.3611
qwen2_audio_7b,365,baseline,0.1213,0.0,0.0607
qwen2_audio_7b,366,baseline,0.4899,0.2581,0.374
qwen2_audio_7b,367,baseline,0.828,0.1,0.464
qwen2_audio_7b,368,baseline,0.7808,0.08,0.4304
qwen2_audio_7b,369,baseline,0.1741,0.0,0.0871
qwen2_audio_7b,370,baseline,0.7363,0.1111,0.4237
qwen2_audio_7b,371,baseline,0.0197,0.0,0.0099
qwen2_audio_7b,372,baseline,0.5081,0.0455,0.2768
qwen2_audio_7b,373,baseline,0.9293,0.3684,0.6489
qwen2_audio_7b,374,baseline,0.6269,0.0714,0.3491
qwen2_audio_7b,375,baseline,0.5128,0.1429,0.3278
qwen2_audio_7b,376,baseline,0.9112,0.2333,0.5723
qwen2_audio_7b,377,baseline,0.4339,0.0,0.2169
qwen2_audio_7b,378,baseline,0.7872,0.0,0.3936
qwen2_audio_7b,379,baseline,0.3246,0.0,0.1623
qwen2_audio_7b,380,baseline,0.0811,0.0,0.0405
qwen2_audio_7b,381,baseline,0.9221,0.7143,0.8182
qwen2_audio_7b,382,baseline,0.9531,0.5294,0.7413
qwen2_audio_7b,383,baseline,0.9079,0.4286,0.6682
qwen2_audio_7b,384,baseline,0.8148,0.2,0.5074
qwen2_audio_7b,385,baseline,0.7716,0.2727,0.5222
qwen2_audio_7b,386,baseline,0.809,0.2368,0.5229
qwen2_audio_7b,387,baseline,0.6164,0.1053,0.3608
qwen2_audio_7b,388,baseline,0.8769,0.2727,0.5748
qwen2_audio_7b,389,baseline,0.6667,0.0,0.3333
qwen2_audio_7b,390,baseline,0.9545,0.0909,0.5227
qwen2_audio_7b,391,baseline,0.5607,0.1667,0.3637
qwen2_audio_7b,392,baseline,0.65,0.0,0.325
qwen2_audio_7b,393,baseline,0.7664,0.0588,0.4126
qwen2_audio_7b,394,baseline,0.5562,0.0526,0.3044
qwen2_audio_7b,395,baseline,0.64,0.1364,0.3882
qwen2_audio_7b,396,baseline,0.9655,0.5,0.7328
qwen2_audio_7b,397,baseline,0.585,0.0526,0.3188
qwen2_audio_7b,398,baseline,0.6087,0.0,0.3043
qwen2_audio_7b,399,baseline,0.8788,0.2143,0.5465
qwen2_audio_7b,400,baseline,0.8333,0.1429,0.4881
qwen2_audio_7b,401,baseline,0.6838,0.0833,0.3835
qwen2_audio_7b,402,baseline,0.8284,0.1071,0.4678
qwen2_audio_7b,403,baseline,0.7027,0.0526,0.3777
qwen2_audio_7b,404,baseline,0.5054,0.1111,0.3082
qwen2_audio_7b,405,baseline,0.5094,0.0909,0.3002
qwen2_audio_7b,406,baseline,0.9827,0.75,0.8663
qwen2_audio_7b,407,baseline,0.9771,0.625,0.8011
qwen2_audio_7b,408,baseline,0.6242,0.0714,0.3478
qwen2_audio_7b,409,baseline,0.9781,0.2667,0.6224
qwen2_audio_7b,410,baseline,0.8521,0.2667,0.5594
qwen2_audio_7b,411,baseline,0.9725,0.1333,0.5529
qwen2_audio_7b,412,baseline,0.9737,0.1364,0.555
qwen2_audio_7b,413,baseline,0.7568,0.2,0.4784
qwen2_audio_7b,414,baseline,0.4024,0.0588,0.2306
qwen2_audio_7b,415,baseline,0.3868,0.0294,0.2081
qwen2_audio_7b,416,baseline,0.3964,0.1333,0.2649
qwen2_audio_7b,417,baseline,0.5779,0.0556,0.3167
qwen2_audio_7b,418,baseline,0.5243,0.0341,0.2792
qwen2_audio_7b,419,baseline,0.7805,0.0476,0.4141
qwen2_audio_7b,420,baseline,0.2161,0.0,0.108
qwen2_audio_7b,421,baseline,0.3922,0.0,0.1961
qwen2_audio_7b,422,baseline,0.5753,0.1053,0.3403
qwen2_audio_7b,423,baseline,1.0,0.2308,0.6154
qwen2_audio_7b,424,baseline,0.6992,0.0625,0.3809
qwen2_audio_7b,425,baseline,0.6425,0.0,0.3212
qwen2_audio_7b,426,baseline,0.9292,0.0,0.4646
qwen2_audio_7b,427,baseline,0.5969,0.0455,0.3212
qwen2_audio_7b,428,baseline,0.7935,0.0,0.3967
qwen2_audio_7b,429,baseline,0.6943,0.0714,0.3828
qwen2_audio_7b,430,baseline,0.6981,0.2727,0.4854
qwen2_audio_7b,431,baseline,0.7284,0.2857,0.5071
qwen2_audio_7b,432,baseline,0.9558,0.6364,0.7961
qwen2_audio_7b,433,baseline,0.8466,0.3333,0.5899
qwen2_audio_7b,434,baseline,0.7907,0.2,0.4953
qwen2_audio_7b,435,baseline,0.2182,0.0625,0.1403
qwen2_audio_7b,436,baseline,0.5376,0.0588,0.2982
qwen2_audio_7b,437,baseline,0.4786,0.0667,0.2726
qwen2_audio_7b,438,baseline,0.9059,0.0769,0.4914
qwen2_audio_7b,439,baseline,0.9091,0.0909,0.5
qwen2_audio_7b,440,baseline,0.9309,0.5294,0.7301
qwen2_audio_7b,441,baseline,0.5536,0.0714,0.3125
qwen2_audio_7b,442,baseline,0.6548,0.125,0.3899
qwen2_audio_7b,443,baseline,0.8719,0.1441,0.508
qwen2_audio_7b,444,baseline,0.5385,0.0769,0.3077
qwen2_audio_7b,445,baseline,0.9677,0.7333,0.8505
qwen2_audio_7b,446,baseline,0.9123,0.125,0.5186
qwen2_audio_7b,447,baseline,0.7195,0.1053,0.4124
qwen2_audio_7b,448,baseline,0.7797,0.1111,0.4454
qwen2_audio_7b,449,baseline,0.5797,0.3333,0.4565
qwen2_audio_7b,450,baseline,0.6082,0.0,0.3041
qwen2_audio_7b,451,baseline,1.0,1.0,1.0
qwen2_audio_7b,452,baseline,0.8276,0.1538,0.4907
qwen2_audio_7b,453,baseline,0.6478,0.0625,0.3551
qwen2_audio_7b,454,baseline,0.9677,0.25,0.6089
qwen2_audio_7b,455,baseline,0.5725,0.1429,0.3577
qwen2_audio_7b,456,baseline,0.9748,0.1429,0.5588
qwen2_audio_7b,457,baseline,0.8943,0.3208,0.6075
qwen2_audio_7b,458,baseline,0.4737,0.2857,0.3797
qwen2_audio_7b,459,baseline,0.5688,0.0714,0.3201
qwen2_audio_7b,460,baseline,0.7895,0.1111,0.4503
qwen2_audio_7b,461,baseline,0.6857,0.0625,0.3741
qwen2_audio_7b,462,baseline,0.7039,0.0476,0.3758
qwen2_audio_7b,463,baseline,0.7059,0.0833,0.3946
qwen2_audio_7b,464,baseline,0.994,0.375,0.6845
qwen2_audio_7b,465,baseline,0.152,0.0,0.076
qwen2_audio_7b,466,baseline,0.9643,0.2727,0.6185
qwen2_audio_7b,467,baseline,0.9902,0.1429,0.5665
qwen2_audio_7b,468,baseline,0.5,0.1429,0.3214
qwen2_audio_7b,469,baseline,0.5556,0.0625,0.309
qwen2_audio_7b,470,baseline,0.3917,0.0909,0.2413
qwen2_audio_7b,471,baseline,0.7414,0.2857,0.5135
qwen2_audio_7b,472,baseline,0.2376,0.0,0.1188
qwen2_audio_7b,473,baseline,0.8132,0.3077,0.5604
qwen2_audio_7b,474,baseline,0.7931,0.25,0.5216
qwen2_audio_7b,475,baseline,0.9028,0.2857,0.5942
qwen2_audio_7b,476,baseline,0.7765,0.1818,0.4791
qwen2_audio_7b,477,baseline,0.5,0.0,0.25
qwen2_audio_7b,478,baseline,0.0962,0.0,0.0481
qwen2_audio_7b,479,baseline,0.8333,0.2222,0.5278
qwen2_audio_7b,480,baseline,0.4286,0.0,0.2143
qwen2_audio_7b,481,baseline,0.8857,0.2222,0.554
qwen2_audio_7b,482,baseline,1.0,1.0,1.0
qwen2_audio_7b,483,baseline,0.5806,0.25,0.4153
qwen2_audio_7b,484,baseline,0.7333,0.2222,0.4778
qwen2_audio_7b,485,baseline,0.9221,0.2,0.561
qwen2_audio_7b,486,baseline,0.8387,0.4286,0.6336
qwen2_audio_7b,487,baseline,0.8667,0.1667,0.5167
qwen2_audio_7b,488,baseline,0.3871,0.25,0.3185
qwen2_audio_7b,489,baseline,0.7368,0.2,0.4684
qwen2_audio_7b,490,baseline,0.1558,0.0,0.0779
qwen2_audio_7b,491,baseline,0.8478,0.0,0.4239
qwen2_audio_7b,492,baseline,0.9483,0.3333,0.6408
qwen2_audio_7b,493,baseline,0.8333,0.0,0.4167
qwen2_audio_7b,494,baseline,0.1651,0.0,0.0826
qwen2_audio_7b,495,baseline,0.9798,0.1538,0.5668
qwen2_audio_7b,496,baseline,0.4862,0.0,0.2431
qwen2_audio_7b,497,baseline,0.9867,0.4286,0.7076
qwen2_audio_7b,498,baseline,0.8814,0.2857,0.5835
qwen2_audio_7b,499,baseline,0.8182,0.3333,0.5758
qwen2_audio_7b,500,baseline,0.9022,0.2222,0.5622
qwen2_audio_7b,501,baseline,0.875,0.0909,0.483
qwen2_audio_7b,502,baseline,0.7719,0.6,0.686
qwen2_audio_7b,503,baseline,0.8152,0.1818,0.4985
qwen2_audio_7b,504,baseline,0.6599,0.1176,0.3888
qwen2_audio_7b,505,baseline,0.8889,0.2222,0.5556
qwen2_audio_7b,506,baseline,0.54,0.0,0.27
qwen2_audio_7b,507,baseline,0.8679,0.3333,0.6006
qwen2_audio_7b,508,baseline,1.0,0.6,0.8
qwen2_audio_7b,509,baseline,0.2889,0.0,0.1444
qwen2_audio_7b,510,baseline,0.6989,0.0,0.3495
qwen2_audio_7b,511,baseline,0.2068,0.0,0.1034
qwen2_audio_7b,512,baseline,0.4961,0.1538,0.325
qwen2_audio_7b,513,baseline,0.9538,0.1111,0.5325
qwen2_audio_7b,514,baseline,0.3967,0.1818,0.2893
qwen2_audio_7b,515,baseline,0.8136,0.1111,0.4623
qwen2_audio_7b,516,baseline,0.2692,0.0,0.1346
qwen2_audio_7b,517,baseline,0.7889,0.1667,0.4778
qwen2_audio_7b,518,baseline,0.5538,0.2222,0.388
qwen2_audio_7b,519,baseline,0.3739,0.0,0.187
qwen2_audio_7b,520,baseline,0.9636,0.1667,0.5652
qwen2_audio_7b,521,baseline,0.4713,0.1818,0.3265
qwen2_audio_7b,522,baseline,0.7342,0.2,0.4671
qwen2_audio_7b,523,baseline,0.3187,0.0,0.1593
qwen2_audio_7b,524,baseline,0.873,0.0,0.4365
qwen2_audio_7b,525,baseline,0.8349,0.125,0.4799
qwen2_audio_7b,526,baseline,0.8095,0.5357,0.6726
qwen2_audio_7b,527,baseline,0.4729,0.1667,0.3198
qwen2_audio_7b,528,baseline,0.1579,0.0,0.0789
qwen2_audio_7b,529,baseline,0.9016,0.3333,0.6175
qwen2_audio_7b,530,baseline,0.7414,0.0,0.3707
qwen2_audio_7b,531,baseline,1.0,0.0,0.5
qwen2_audio_7b,532,baseline,0.4375,0.0,0.2188
qwen2_audio_7b,533,baseline,0.7024,0.0,0.3512
qwen2_audio_7b,534,baseline,0.629,0.1429,0.3859
qwen2_audio_7b,535,baseline,0.4956,0.1667,0.3311
qwen2_audio_7b,536,baseline,0.6825,0.1538,0.4182
qwen2_audio_7b,537,baseline,0.7297,0.7059,0.7178
qwen2_audio_7b,538,baseline,0.6276,0.1053,0.3664
qwen2_audio_7b,539,baseline,0.796,0.1739,0.485
qwen2_audio_7b,540,baseline,0.7719,0.0,0.386
qwen2_audio_7b,541,baseline,0.8158,0.0714,0.4436
qwen2_audio_7b,542,baseline,0.9178,0.0,0.4589
qwen2_audio_7b,543,baseline,0.7413,0.0,0.3706
qwen2_audio_7b,544,baseline,0.5587,0.0526,0.3056
qwen2_audio_7b,545,baseline,0.9231,0.0476,0.4853
qwen2_audio_7b,546,baseline,0.9342,0.0,0.4671
qwen2_audio_7b,547,baseline,0.8115,0.3158,0.5637
qwen2_audio_7b,548,baseline,0.6222,0.0,0.3111
qwen2_audio_7b,549,baseline,0.6995,0.0455,0.3725
qwen2_audio_7b,550,baseline,0.5625,0.0526,0.3076
qwen2_audio_7b,551,baseline,0.1888,0.1429,0.1658
qwen2_audio_7b,552,baseline,0.5409,0.0,0.2704
qwen2_audio_7b,553,baseline,0.6961,0.1304,0.4133
qwen2_audio_7b,554,baseline,0.5778,0.3684,0.4731
qwen2_audio_7b,555,baseline,0.9438,0.0,0.4719
qwen2_audio_7b,556,baseline,0.7619,0.0,0.381
qwen2_audio_7b,557,baseline,0.9138,0.0909,0.5024
qwen2_audio_7b,558,baseline,0.575,0.0,0.2875
qwen2_audio_7b,559,baseline,0.895,0.2727,0.5839
qwen2_audio_7b,560,baseline,0.6215,0.4211,0.5213
qwen2_audio_7b,561,baseline,0.8392,0.0,0.4196
qwen2_audio_7b,562,baseline,0.9634,0.0769,0.5201
qwen2_audio_7b,563,baseline,0.7778,0.0,0.3889
qwen2_audio_7b,564,baseline,0.9728,0.2632,0.618
qwen2_audio_7b,565,baseline,0.9049,0.0862,0.4955
qwen2_audio_7b,566,baseline,0.9588,0.1818,0.5703
qwen2_audio_7b,567,baseline,0.825,0.2353,0.5301
qwen2_audio_7b,568,baseline,0.5794,0.0196,0.2995
qwen2_audio_7b,569,baseline,0.9028,0.381,0.6419
qwen2_audio_7b,570,baseline,0.9398,0.05,0.4949
qwen2_audio_7b,571,baseline,0.6667,0.0,0.3333
qwen2_audio_7b,572,baseline,0.6927,0.4444,0.5686
qwen2_audio_7b,573,baseline,0.9787,0.125,0.5519
qwen2_audio_7b,574,baseline,0.7895,0.0769,0.4332
qwen2_audio_7b,575,baseline,0.4964,0.0,0.2482
qwen2_audio_7b,576,baseline,0.6307,0.3182,0.4744
qwen2_audio_7b,577,baseline,0.6194,0.0909,0.3551
qwen2_audio_7b,578,baseline,0.9319,0.3036,0.6177
qwen2_audio_7b,579,baseline,0.6473,0.0417,0.3445
qwen2_audio_7b,580,baseline,0.1628,0.0,0.0814
qwen2_audio_7b,581,baseline,0.6885,0.1304,0.4095
qwen2_audio_7b,582,baseline,0.8598,0.0,0.4299
qwen2_audio_7b,583,baseline,0.4242,0.25,0.3371
qwen2_audio_7b,584,baseline,0.8802,0.2083,0.5443
qwen2_audio_7b,585,baseline,0.99,0.45,0.72
qwen2_audio_7b,586,baseline,0.37,0.0,0.185
qwen2_audio_7b,587,baseline,0.4734,0.0435,0.2584
qwen2_audio_7b,588,baseline,0.92,0.0476,0.4838
qwen2_audio_7b,589,baseline,0.9869,0.0526,0.5198
qwen2_audio_7b,590,baseline,0.5918,0.0,0.2959
qwen2_audio_7b,591,baseline,0.4352,0.0,0.2176
qwen2_audio_7b,592,baseline,0.7805,0.0,0.3902
qwen2_audio_7b,593,baseline,0.9364,0.0625,0.4994
qwen2_audio_7b,594,baseline,0.4353,0.0,0.2176
qwen2_audio_7b,595,baseline,0.9156,0.4706,0.6931
qwen2_audio_7b,596,baseline,0.9672,0.4286,0.6979
qwen2_audio_7b,597,baseline,0.5956,0.087,0.3413
qwen2_audio_7b,598,baseline,0.8521,0.125,0.4886
qwen2_audio_7b,599,baseline,0.8,0.4,0.6
qwen2_audio_7b,600,storytelling,0.8463,0.1014,0.4739
qwen2_audio_7b,601,storytelling,0.9388,0.073,0.5059
qwen2_audio_7b,602,storytelling,0.7905,0.1042,0.4473
qwen2_audio_7b,603,storytelling,0.7304,0.0796,0.405
qwen2_audio_7b,604,storytelling,0.7745,0.0808,0.4276
qwen2_audio_7b,605,storytelling,0.7481,0.0174,0.3828
qwen2_audio_7b,606,storytelling,0.9936,0.05,0.5218
qwen2_audio_7b,607,storytelling,0.8635,0.0625,0.463
qwen2_audio_7b,608,storytelling,0.3734,0.0597,0.2165
qwen2_audio_7b,609,storytelling,0.9345,0.0565,0.4955
qwen2_audio_7b,610,storytelling,0.9616,0.0972,0.5294
qwen2_audio_7b,611,storytelling,0.9477,0.063,0.5053
qwen2_audio_7b,612,storytelling,0.7669,0.0816,0.4243
qwen2_audio_7b,613,storytelling,0.7983,0.1058,0.452
qwen2_audio_7b,614,storytelling,0.7309,0.0504,0.3906
qwen2_audio_7b,615,storytelling,0.6832,0.0508,0.367
qwen2_audio_7b,616,storytelling,0.8053,0.0818,0.4436
qwen2_audio_7b,617,storytelling,0.8519,0.0833,0.4676
qwen2_audio_7b,618,storytelling,0.8175,0.0556,0.4365
qwen2_audio_7b,619,storytelling,0.591,0.0561,0.3235
qwen2_audio_7b,620,storytelling,0.9099,0.0781,0.494
qwen2_audio_7b,621,storytelling,0.5077,0.0583,0.283
qwen2_audio_7b,622,storytelling,0.8917,0.0744,0.483
qwen2_audio_7b,623,storytelling,0.8258,0.0787,0.4523
qwen2_audio_7b,624,storytelling,0.6117,0.0894,0.3505
qwen2_audio_7b,625,storytelling,0.8991,0.0488,0.474
qwen2_audio_7b,626,storytelling,0.9093,0.086,0.4977
qwen2_audio_7b,627,storytelling,0.8096,0.0909,0.4502
qwen2_audio_7b,628,storytelling,0.8007,0.0667,0.4337
qwen2_audio_7b,629,storytelling,0.9291,0.0534,0.4912
qwen2_audio_7b,630,storytelling,0.8872,0.1011,0.4942
qwen2_audio_7b,631,storytelling,0.8221,0.0734,0.4477
qwen2_audio_7b,632,storytelling,0.9834,0.1,0.5417
qwen2_audio_7b,633,storytelling,0.7798,0.0577,0.4188
qwen2_audio_7b,634,storytelling,0.6805,0.055,0.3678
qwen2_audio_7b,635,storytelling,0.6906,0.0485,0.3696
qwen2_audio_7b,636,storytelling,0.8926,0.036,0.4643
qwen2_audio_7b,637,storytelling,0.6627,0.0574,0.36
qwen2_audio_7b,638,storytelling,0.9167,0.0256,0.4712
qwen2_audio_7b,639,storytelling,0.5649,0.0978,0.3314
qwen2_audio_7b,640,storytelling,0.9024,0.0857,0.494
qwen2_audio_7b,641,storytelling,0.8333,0.0745,0.4539
qwen2_audio_7b,642,storytelling,0.6632,0.0451,0.3542
qwen2_audio_7b,643,storytelling,0.9318,0.0792,0.5055
qwen2_audio_7b,644,storytelling,0.7439,0.055,0.3995
qwen2_audio_7b,645,storytelling,0.8616,0.0816,0.4716
qwen2_audio_7b,646,storytelling,0.9894,0.0909,0.5401
qwen2_audio_7b,647,storytelling,0.9092,0.0714,0.4903
qwen2_audio_7b,648,storytelling,0.8294,0.0874,0.4584
qwen2_audio_7b,649,storytelling,0.6184,0.0413,0.3299
qwen2_audio_7b,650,storytelling,0.9483,0.0547,0.5015
qwen2_audio_7b,651,storytelling,0.729,0.0692,0.3991
qwen2_audio_7b,652,storytelling,0.9305,0.0926,0.5115
qwen2_audio_7b,653,storytelling,0.9945,0.0526,0.5235
qwen2_audio_7b,654,storytelling,0.9352,0.0603,0.4978
qwen2_audio_7b,655,storytelling,0.7857,0.0686,0.4272
qwen2_audio_7b,656,storytelling,0.6699,0.0519,0.3609
qwen2_audio_7b,657,storytelling,1.0,0.082,0.541
qwen2_audio_7b,658,storytelling,0.7248,0.0818,0.4033
qwen2_audio_7b,659,storytelling,0.8205,0.0465,0.4335
qwen2_audio_7b,660,storytelling,0.7577,0.0667,0.4122
qwen2_audio_7b,661,storytelling,0.7339,0.1545,0.4442
qwen2_audio_7b,662,storytelling,0.8568,0.08,0.4684
qwen2_audio_7b,663,storytelling,0.6586,0.05,0.3543
qwen2_audio_7b,664,storytelling,0.9373,0.0684,0.5029
qwen2_audio_7b,665,storytelling,0.7885,0.1089,0.4487
qwen2_audio_7b,666,storytelling,0.7522,0.0957,0.4239
qwen2_audio_7b,667,storytelling,0.9909,0.0714,0.5312
qwen2_audio_7b,668,storytelling,0.6645,0.1154,0.3899
qwen2_audio_7b,669,storytelling,0.9503,0.0424,0.4963
qwen2_audio_7b,670,storytelling,0.9931,0.0804,0.5367
qwen2_audio_7b,671,storytelling,0.6046,0.0467,0.3256
qwen2_audio_7b,672,storytelling,0.8357,0.0556,0.4457
qwen2_audio_7b,673,storytelling,0.845,0.0877,0.4663
qwen2_audio_7b,674,storytelling,0.974,0.063,0.5185
qwen2_audio_7b,675,storytelling,0.5782,0.072,0.3251
qwen2_audio_7b,676,storytelling,0.9147,0.093,0.5039
qwen2_audio_7b,677,storytelling,0.8522,0.0847,0.4685
qwen2_audio_7b,678,storytelling,0.9365,0.0769,0.5067
qwen2_audio_7b,679,storytelling,0.6008,0.0659,0.3334
qwen2_audio_7b,680,storytelling,0.7434,0.0463,0.3949
qwen2_audio_7b,681,storytelling,0.7494,0.1008,0.4251
qwen2_audio_7b,682,storytelling,0.758,0.0472,0.4026
qwen2_audio_7b,683,storytelling,0.8173,0.0727,0.445
qwen2_audio_7b,684,storytelling,0.8953,0.0588,0.4771
qwen2_audio_7b,685,storytelling,0.8058,0.0472,0.4265
qwen2_audio_7b,686,storytelling,0.759,0.0631,0.411
qwen2_audio_7b,687,storytelling,0.5578,0.0753,0.3165
qwen2_audio_7b,688,storytelling,0.7519,0.0513,0.4016
qwen2_audio_7b,689,storytelling,0.7345,0.0643,0.3994
qwen2_audio_7b,690,storytelling,0.8397,0.0808,0.4603
qwen2_audio_7b,691,storytelling,0.6856,0.049,0.3673
qwen2_audio_7b,692,storytelling,0.7473,0.0769,0.4121
qwen2_audio_7b,693,storytelling,0.894,0.092,0.493
qwen2_audio_7b,694,storytelling,0.6574,0.0965,0.3769
qwen2_audio_7b,695,storytelling,0.793,0.0714,0.4322
qwen2_audio_7b,696,storytelling,0.9729,0.0593,0.5161
qwen2_audio_7b,697,storytelling,0.8322,0.0698,0.451
qwen2_audio_7b,698,storytelling,0.7432,0.1099,0.4266
qwen2_audio_7b,699,storytelling,0.6847,0.08,0.3824
qwen2_audio_7b,700,storytelling,0.9238,0.0682,0.496
qwen2_audio_7b,701,storytelling,0.7575,0.0654,0.4114
qwen2_audio_7b,702,storytelling,0.6117,0.0,0.3059
qwen2_audio_7b,703,storytelling,0.6206,0.0833,0.352
qwen2_audio_7b,704,storytelling,0.9851,0.1048,0.545
qwen2_audio_7b,705,storytelling,0.673,0.0562,0.3646
qwen2_audio_7b,706,storytelling,0.8887,0.0804,0.4845
qwen2_audio_7b,707,storytelling,0.9602,0.0667,0.5135
qwen2_audio_7b,708,storytelling,0.6248,0.0189,0.3219
qwen2_audio_7b,709,storytelling,0.7746,0.0926,0.4336
qwen2_audio_7b,710,storytelling,0.9919,0.0583,0.5251
qwen2_audio_7b,711,storytelling,0.6718,0.0278,0.3498
qwen2_audio_7b,712,storytelling,0.8416,0.0517,0.4467
qwen2_audio_7b,713,storytelling,0.9356,0.0678,0.5017
qwen2_audio_7b,714,storytelling,0.7888,0.0606,0.4247
qwen2_audio_7b,715,storytelling,0.9473,0.0602,0.5037
qwen2_audio_7b,716,storytelling,0.5143,0.0943,0.3043
qwen2_audio_7b,717,storytelling,0.9017,0.0833,0.4925
qwen2_audio_7b,718,storytelling,0.825,0.0448,0.4349
qwen2_audio_7b,719,storytelling,0.8029,0.0775,0.4402
qwen2_audio_7b,720,storytelling,0.8281,0.042,0.4351
qwen2_audio_7b,721,storytelling,0.6386,0.0769,0.3578
qwen2_audio_7b,722,storytelling,0.591,0.05,0.3205
qwen2_audio_7b,723,storytelling,0.9665,0.0846,0.5255
qwen2_audio_7b,724,storytelling,0.7062,0.0763,0.3912
qwen2_audio_7b,725,storytelling,0.8933,0.0722,0.4827
qwen2_audio_7b,726,storytelling,0.9162,0.0963,0.5063
qwen2_audio_7b,727,storytelling,0.7969,0.0947,0.4458
qwen2_audio_7b,728,storytelling,0.8627,0.0571,0.4599
qwen2_audio_7b,729,storytelling,0.8791,0.0978,0.4885
qwen2_audio_7b,730,storytelling,0.7441,0.0382,0.3912
qwen2_audio_7b,731,storytelling,0.7285,0.0722,0.4003
qwen2_audio_7b,732,storytelling,0.7827,0.0842,0.4334
qwen2_audio_7b,733,storytelling,0.8892,0.0686,0.4789
qwen2_audio_7b,734,storytelling,0.8449,0.0565,0.4507
qwen2_audio_7b,735,storytelling,0.7006,0.0376,0.3691
qwen2_audio_7b,736,storytelling,0.7429,0.1524,0.4476
qwen2_audio_7b,737,storytelling,0.7659,0.0486,0.4073
qwen2_audio_7b,738,storytelling,0.7439,0.0992,0.4216
qwen2_audio_7b,739,storytelling,0.9635,0.0763,0.5199
qwen2_audio_7b,740,storytelling,0.7855,0.0709,0.4282
qwen2_audio_7b,741,storytelling,0.8282,0.0547,0.4415
qwen2_audio_7b,742,storytelling,0.8481,0.1102,0.4791
qwen2_audio_7b,743,storytelling,0.9809,0.1066,0.5437
qwen2_audio_7b,744,storytelling,0.7982,0.0448,0.4215
qwen2_audio_7b,745,storytelling,0.8661,0.0342,0.4502
qwen2_audio_7b,746,storytelling,0.979,0.0902,0.5346
qwen2_audio_7b,747,storytelling,0.7022,0.0079,0.355
qwen2_audio_7b,748,storytelling,0.6965,0.0893,0.3929
qwen2_audio_7b,749,storytelling,0.9713,0.0379,0.5046
qwen2_audio_7b,750,storytelling,0.7778,0.084,0.4309
qwen2_audio_7b,751,storytelling,0.6796,0.0826,0.3811
qwen2_audio_7b,752,storytelling,0.914,0.0593,0.4866
qwen2_audio_7b,753,storytelling,0.8428,0.0821,0.4624
qwen2_audio_7b,754,storytelling,0.8152,0.0746,0.4449
qwen2_audio_7b,755,storytelling,0.7774,0.0538,0.4156
qwen2_audio_7b,756,storytelling,0.3088,0.0114,0.1601
qwen2_audio_7b,757,storytelling,0.7472,0.0703,0.4087
qwen2_audio_7b,758,storytelling,0.9185,0.0701,0.4943
qwen2_audio_7b,759,storytelling,0.8642,0.0435,0.4539
qwen2_audio_7b,760,storytelling,0.8593,0.0833,0.4713
qwen2_audio_7b,761,storytelling,0.3491,0.0135,0.1813
qwen2_audio_7b,762,storytelling,0.7606,0.069,0.4148
qwen2_audio_7b,763,storytelling,0.9551,0.122,0.5385
qwen2_audio_7b,764,storytelling,0.7381,0.0625,0.4003
qwen2_audio_7b,765,storytelling,0.8464,0.0789,0.4627
qwen2_audio_7b,766,storytelling,0.8289,0.0916,0.4602
qwen2_audio_7b,767,storytelling,0.7459,0.0775,0.4117
qwen2_audio_7b,768,storytelling,0.8692,0.0735,0.4714
qwen2_audio_7b,769,storytelling,0.7604,0.0379,0.3991
qwen2_audio_7b,770,storytelling,0.6946,0.0692,0.3819
qwen2_audio_7b,771,storytelling,0.8929,0.0645,0.4787
qwen2_audio_7b,772,storytelling,0.9725,0.0769,0.5247
qwen2_audio_7b,773,storytelling,0.9713,0.0916,0.5314
qwen2_audio_7b,774,storytelling,0.7153,0.0842,0.3998
qwen2_audio_7b,775,storytelling,0.6929,0.0678,0.3804
qwen2_audio_7b,776,storytelling,0.8573,0.0759,0.4666
qwen2_audio_7b,777,storytelling,0.7673,0.0465,0.4069
qwen2_audio_7b,778,storytelling,0.9795,0.0732,0.5263
qwen2_audio_7b,779,storytelling,0.7028,0.0984,0.4006
qwen2_audio_7b,780,storytelling,0.7981,0.0615,0.4298
qwen2_audio_7b,781,storytelling,0.7503,0.063,0.4066
qwen2_audio_7b,782,storytelling,0.8392,0.0923,0.4658
qwen2_audio_7b,783,storytelling,0.8118,0.084,0.4479
qwen2_audio_7b,784,storytelling,0.7978,0.1057,0.4517
qwen2_audio_7b,785,storytelling,0.6785,0.0794,0.3789
qwen2_audio_7b,786,storytelling,0.8888,0.0579,0.4733
qwen2_audio_7b,787,storytelling,0.959,0.075,0.517
qwen2_audio_7b,788,storytelling,0.8645,0.0845,0.4745
qwen2_audio_7b,789,storytelling,0.6035,0.0849,0.3442
qwen2_audio_7b,790,storytelling,0.8913,0.087,0.4891
qwen2_audio_7b,791,storytelling,0.8145,0.1259,0.4702
qwen2_audio_7b,792,storytelling,0.9983,0.0686,0.5335
qwen2_audio_7b,793,storytelling,0.6782,0.049,0.3636
qwen2_audio_7b,794,storytelling,0.698,0.0588,0.3784
qwen2_audio_7b,795,storytelling,0.9854,0.0455,0.5154
qwen2_audio_7b,796,storytelling,0.7773,0.0687,0.423
qwen2_audio_7b,797,storytelling,0.9221,0.0857,0.5039
qwen2_audio_7b,798,storytelling,0.8127,0.0081,0.4104
qwen2_audio_7b,799,storytelling,0.8721,0.064,0.468
qwen2_audio_7b,800,storytelling,0.1086,0.0,0.0543
qwen2_audio_7b,801,storytelling,0.9448,0.0909,0.5179
qwen2_audio_7b,802,storytelling,0.7163,0.063,0.3897
qwen2_audio_7b,803,storytelling,0.5952,0.0424,0.3188
qwen2_audio_7b,804,storytelling,0.4485,0.0595,0.254
qwen2_audio_7b,805,storytelling,0.6675,0.0435,0.3555
qwen2_audio_7b,806,storytelling,0.7995,0.0244,0.412
qwen2_audio_7b,807,storytelling,0.1703,0.0345,0.1024
qwen2_audio_7b,808,storytelling,0.7892,0.027,0.4081
qwen2_audio_7b,809,storytelling,0.5781,0.0096,0.2939
qwen2_audio_7b,810,storytelling,0.8805,0.066,0.4733
qwen2_audio_7b,811,storytelling,0.5169,0.0392,0.2781
qwen2_audio_7b,812,storytelling,0.4771,0.0612,0.2692
qwen2_audio_7b,813,storytelling,0.5886,0.0182,0.3034
qwen2_audio_7b,814,storytelling,0.7243,0.0522,0.3882
qwen2_audio_7b,815,storytelling,0.822,0.064,0.443
qwen2_audio_7b,816,storytelling,0.7376,0.0323,0.3849
qwen2_audio_7b,817,storytelling,0.604,0.0348,0.3194
qwen2_audio_7b,818,storytelling,0.7407,0.0469,0.3938
qwen2_audio_7b,819,storytelling,0.6637,0.0435,0.3536
qwen2_audio_7b,820,storytelling,0.904,0.0769,0.4905
qwen2_audio_7b,821,storytelling,0.4481,0.0714,0.2598
qwen2_audio_7b,822,storytelling,0.9229,0.0588,0.4909
qwen2_audio_7b,823,storytelling,0.8231,0.0294,0.4263
qwen2_audio_7b,824,storytelling,0.5222,0.0159,0.269
qwen2_audio_7b,825,storytelling,0.8324,0.0458,0.4391
qwen2_audio_7b,826,storytelling,0.8742,0.0632,0.4687
qwen2_audio_7b,827,storytelling,0.6967,0.0684,0.3826
qwen2_audio_7b,828,storytelling,0.5659,0.0515,0.3087
qwen2_audio_7b,829,storytelling,0.6377,0.0,0.3188
qwen2_audio_7b,830,storytelling,0.6816,0.0521,0.3668
qwen2_audio_7b,831,storytelling,0.9514,0.0391,0.4952
qwen2_audio_7b,832,storytelling,0.9609,0.1429,0.5519
qwen2_audio_7b,833,storytelling,0.8921,0.0721,0.4821
qwen2_audio_7b,834,storytelling,0.8669,0.0648,0.4659
qwen2_audio_7b,835,storytelling,0.8867,0.0619,0.4743
qwen2_audio_7b,836,storytelling,0.6975,0.0391,0.3683
qwen2_audio_7b,837,storytelling,0.3677,0.0,0.1839
qwen2_audio_7b,838,storytelling,0.6928,0.0385,0.3656
qwen2_audio_7b,839,storytelling,0.6041,0.0849,0.3445
qwen2_audio_7b,840,storytelling,0.6903,0.072,0.3811
qwen2_audio_7b,841,storytelling,0.5487,0.0727,0.3107
qwen2_audio_7b,842,storytelling,0.8525,0.0155,0.434
qwen2_audio_7b,843,storytelling,0.7719,0.0226,0.3972
qwen2_audio_7b,844,storytelling,0.5743,0.035,0.3046
qwen2_audio_7b,845,storytelling,0.9313,0.0075,0.4694
qwen2_audio_7b,846,storytelling,0.7844,0.0946,0.4395
qwen2_audio_7b,847,storytelling,0.783,0.0481,0.4155
qwen2_audio_7b,848,storytelling,0.6876,0.0147,0.3511
qwen2_audio_7b,849,storytelling,0.6412,0.1059,0.3736
qwen2_audio_7b,850,storytelling,0.959,0.0479,0.5035
qwen2_audio_7b,851,storytelling,0.4008,0.0137,0.2073
qwen2_audio_7b,852,storytelling,0.8239,0.0577,0.4408
qwen2_audio_7b,853,storytelling,0.6663,0.0625,0.3644
qwen2_audio_7b,854,storytelling,0.9188,0.0171,0.4679
qwen2_audio_7b,855,storytelling,0.9437,0.1415,0.5426
qwen2_audio_7b,856,storytelling,0.7189,0.0303,0.3746
qwen2_audio_7b,857,storytelling,0.8822,0.0556,0.4689
qwen2_audio_7b,858,storytelling,0.7791,0.0458,0.4124
qwen2_audio_7b,859,storytelling,0.0631,0.0,0.0315
qwen2_audio_7b,860,storytelling,0.7479,0.068,0.4079
qwen2_audio_7b,861,storytelling,0.8897,0.0694,0.4796
qwen2_audio_7b,862,storytelling,0.8717,0.0252,0.4484
qwen2_audio_7b,863,storytelling,0.5945,0.0485,0.3215
qwen2_audio_7b,864,storytelling,0.62,0.0227,0.3214
qwen2_audio_7b,865,storytelling,0.6503,0.0472,0.3487
qwen2_audio_7b,866,storytelling,0.9061,0.0588,0.4825
qwen2_audio_7b,867,storytelling,0.8354,0.0545,0.445
qwen2_audio_7b,868,storytelling,0.6229,0.0574,0.3401
qwen2_audio_7b,869,storytelling,0.7279,0.0459,0.3869
qwen2_audio_7b,870,storytelling,0.5889,0.0206,0.3048
qwen2_audio_7b,871,storytelling,0.6379,0.0693,0.3536
qwen2_audio_7b,872,storytelling,0.5256,0.0714,0.2985
qwen2_audio_7b,873,storytelling,0.6704,0.0377,0.3541
qwen2_audio_7b,874,storytelling,0.4276,0.0693,0.2484
qwen2_audio_7b,875,storytelling,0.7725,0.0574,0.4149
qwen2_audio_7b,876,storytelling,0.7137,0.042,0.3779
qwen2_audio_7b,877,storytelling,0.7468,0.0845,0.4156
qwen2_audio_7b,878,storytelling,0.4995,0.0545,0.277
qwen2_audio_7b,879,storytelling,0.989,0.0288,0.5089
qwen2_audio_7b,880,storytelling,0.549,0.0556,0.3023
qwen2_audio_7b,881,storytelling,0.829,0.0707,0.4498
qwen2_audio_7b,882,storytelling,0.5075,0.0,0.2538
qwen2_audio_7b,883,storytelling,0.5226,0.0755,0.299
qwen2_audio_7b,884,storytelling,0.6977,0.0238,0.3607
qwen2_audio_7b,885,storytelling,0.5956,0.0551,0.3254
qwen2_audio_7b,886,storytelling,0.63,0.0721,0.3511
qwen2_audio_7b,887,storytelling,0.4952,0.04,0.2676
qwen2_audio_7b,888,storytelling,0.9508,0.0762,0.5135
qwen2_audio_7b,889,storytelling,0.5535,0.0588,0.3062
qwen2_audio_7b,890,storytelling,0.7785,0.0493,0.4139
qwen2_audio_7b,891,storytelling,0.6354,0.087,0.3612
qwen2_audio_7b,892,storytelling,0.5585,0.0584,0.3085
qwen2_audio_7b,893,storytelling,0.9769,0.0303,0.5036
qwen2_audio_7b,894,storytelling,0.8254,0.0174,0.4214
qwen2_audio_7b,895,storytelling,0.7865,0.0566,0.4216
qwen2_audio_7b,896,storytelling,0.6622,0.0714,0.3668
qwen2_audio_7b,897,storytelling,0.5661,0.0769,0.3215
qwen2_audio_7b,898,storytelling,0.8307,0.0854,0.4581
qwen2_audio_7b,899,storytelling,0.9456,0.0746,0.5101
qwen2_audio_7b,900,storytelling,0.5852,0.0439,0.3145
qwen2_audio_7b,901,storytelling,0.6039,0.0093,0.3066
qwen2_audio_7b,902,storytelling,0.6292,0.0526,0.3409
qwen2_audio_7b,903,storytelling,0.5269,0.0206,0.2738
qwen2_audio_7b,904,storytelling,0.7897,0.0727,0.4312
qwen2_audio_7b,905,storytelling,0.0675,0.0,0.0337
qwen2_audio_7b,906,storytelling,0.5269,0.0702,0.2985
qwen2_audio_7b,907,storytelling,0.1,0.0159,0.0579
qwen2_audio_7b,908,storytelling,0.705,0.0678,0.3864
qwen2_audio_7b,909,storytelling,0.5458,0.049,0.2974
qwen2_audio_7b,910,storytelling,0.1222,0.0,0.0611
qwen2_audio_7b,911,storytelling,0.7187,0.0702,0.3944
qwen2_audio_7b,912,storytelling,0.4264,0.0577,0.242
qwen2_audio_7b,913,storytelling,0.8676,0.049,0.4583
qwen2_audio_7b,914,storytelling,0.5433,0.0571,0.3002
qwen2_audio_7b,915,storytelling,0.5111,0.0632,0.2871
qwen2_audio_7b,916,storytelling,0.6479,0.0465,0.3472
qwen2_audio_7b,917,storytelling,0.4319,0.0481,0.24
qwen2_audio_7b,918,storytelling,0.7114,0.0796,0.3955
qwen2_audio_7b,919,storytelling,0.6593,0.0215,0.3404
qwen2_audio_7b,920,storytelling,0.5785,0.066,0.3223
qwen2_audio_7b,921,storytelling,0.7154,0.1429,0.4292
qwen2_audio_7b,922,storytelling,0.6601,0.04,0.35
qwen2_audio_7b,923,storytelling,0.6787,0.0625,0.3706
qwen2_audio_7b,924,storytelling,0.1805,0.0112,0.0959
qwen2_audio_7b,925,storytelling,0.0495,0.0,0.0247
qwen2_audio_7b,926,storytelling,0.7312,0.0851,0.4081
qwen2_audio_7b,927,storytelling,0.7955,0.0889,0.4422
qwen2_audio_7b,928,storytelling,0.4768,0.0606,0.2687
qwen2_audio_7b,929,storytelling,0.4096,0.0385,0.224
qwen2_audio_7b,930,storytelling,0.8299,0.0583,0.4441
qwen2_audio_7b,931,storytelling,0.6159,0.0632,0.3395
qwen2_audio_7b,932,storytelling,0.9065,0.042,0.4742
qwen2_audio_7b,933,storytelling,0.6231,0.0367,0.3299
qwen2_audio_7b,934,storytelling,0.6614,0.0642,0.3628
qwen2_audio_7b,935,storytelling,0.9551,0.0,0.4775
qwen2_audio_7b,936,storytelling,0.474,0.0263,0.2502
qwen2_audio_7b,937,storytelling,0.8096,0.0932,0.4514
qwen2_audio_7b,938,storytelling,0.7598,0.0796,0.4197
qwen2_audio_7b,939,storytelling,0.8828,0.0579,0.4703
qwen2_audio_7b,940,storytelling,0.5774,0.0481,0.3127
qwen2_audio_7b,941,storytelling,0.5922,0.046,0.3191
qwen2_audio_7b,942,storytelling,0.6766,0.0504,0.3635
qwen2_audio_7b,943,storytelling,0.4342,0.0098,0.222
qwen2_audio_7b,944,storytelling,0.7534,0.0339,0.3936
qwen2_audio_7b,945,storytelling,0.6229,0.0154,0.3191
qwen2_audio_7b,946,storytelling,0.8402,0.0759,0.4581
qwen2_audio_7b,947,storytelling,0.5567,0.0,0.2783
qwen2_audio_7b,948,storytelling,0.5976,0.0089,0.3032
qwen2_audio_7b,949,storytelling,0.7589,0.0254,0.3921
qwen2_audio_7b,950,storytelling,0.237,0.0217,0.1294
qwen2_audio_7b,951,storytelling,0.7066,0.0645,0.3856
qwen2_audio_7b,952,storytelling,0.8477,0.0309,0.4393
qwen2_audio_7b,953,storytelling,0.9297,0.1429,0.5363
qwen2_audio_7b,954,storytelling,0.5549,0.0467,0.3008
qwen2_audio_7b,955,storytelling,0.5072,0.0598,0.2835
qwen2_audio_7b,956,storytelling,0.6667,0.0339,0.3503
qwen2_audio_7b,957,storytelling,0.8119,0.0299,0.4209
qwen2_audio_7b,958,storytelling,0.6166,0.0342,0.3254
qwen2_audio_7b,959,storytelling,0.9074,0.0476,0.4775
qwen2_audio_7b,960,storytelling,0.707,0.0619,0.3845
qwen2_audio_7b,961,storytelling,0.5722,0.1158,0.344
qwen2_audio_7b,962,storytelling,0.9695,0.0167,0.4931
qwen2_audio_7b,963,storytelling,0.6608,0.0417,0.3512
qwen2_audio_7b,964,storytelling,0.619,0.0588,0.3389
qwen2_audio_7b,965,storytelling,0.8473,0.0455,0.4464
qwen2_audio_7b,966,storytelling,0.5108,0.0696,0.2902
qwen2_audio_7b,967,storytelling,0.4704,0.0291,0.2498
qwen2_audio_7b,968,storytelling,0.8167,0.0075,0.4121
qwen2_audio_7b,969,storytelling,0.8142,0.0687,0.4414
qwen2_audio_7b,970,storytelling,0.7314,0.1,0.4157
qwen2_audio_7b,971,storytelling,0.7296,0.0097,0.3696
qwen2_audio_7b,972,storytelling,0.5648,0.0472,0.306
qwen2_audio_7b,973,storytelling,0.9863,0.0521,0.5192
qwen2_audio_7b,974,storytelling,0.7086,0.0588,0.3837
qwen2_audio_7b,975,storytelling,0.8209,0.0442,0.4326
qwen2_audio_7b,976,storytelling,0.5879,0.0268,0.3073
qwen2_audio_7b,977,storytelling,0.5775,0.094,0.3358
qwen2_audio_7b,978,storytelling,0.72,0.0394,0.3797
qwen2_audio_7b,979,storytelling,0.6436,0.0492,0.3464
qwen2_audio_7b,980,storytelling,0.7601,0.045,0.4026
qwen2_audio_7b,981,storytelling,0.9244,0.0282,0.4763
qwen2_audio_7b,982,storytelling,0.5926,0.0259,0.3092
qwen2_audio_7b,983,storytelling,0.8995,0.102,0.5008
qwen2_audio_7b,984,storytelling,0.6042,0.0545,0.3294
qwen2_audio_7b,985,storytelling,0.6869,0.0,0.3435
qwen2_audio_7b,986,storytelling,0.6378,0.018,0.3279
qwen2_audio_7b,987,storytelling,0.9369,0.0813,0.5091
qwen2_audio_7b,988,storytelling,0.7433,0.0551,0.3992
qwen2_audio_7b,989,storytelling,0.8287,0.0492,0.4389
qwen2_audio_7b,990,storytelling,0.7232,0.0787,0.401
qwen2_audio_7b,991,storytelling,0.8569,0.1068,0.4819
qwen2_audio_7b,992,storytelling,0.6807,0.0625,0.3716
qwen2_audio_7b,993,storytelling,0.2006,0.0,0.1003
qwen2_audio_7b,994,storytelling,0.5596,0.0897,0.3247
qwen2_audio_7b,995,storytelling,0.6375,0.0485,0.343
qwen2_audio_7b,996,storytelling,0.5444,0.0505,0.2974
qwen2_audio_7b,997,storytelling,0.7783,0.0684,0.4233
qwen2_audio_7b,998,storytelling,0.405,0.0,0.2025
qwen2_audio_7b,999,storytelling,0.9151,0.08,0.4976
qwen2_audio_7b,1000,storytelling,0.9351,0.0508,0.493
qwen2_audio_7b,1001,storytelling,0.6527,0.0513,0.352
qwen2_audio_7b,1002,storytelling,0.9265,0.1261,0.5263
qwen2_audio_7b,1003,storytelling,0.7752,0.0667,0.4209
qwen2_audio_7b,1004,storytelling,0.6912,0.0654,0.3783
qwen2_audio_7b,1005,storytelling,0.459,0.06,0.2595
qwen2_audio_7b,1006,storytelling,0.8372,0.0551,0.4462
qwen2_audio_7b,1007,storytelling,0.8321,0.0811,0.4566
qwen2_audio_7b,1008,storytelling,0.9225,0.0667,0.4946
qwen2_audio_7b,1009,storytelling,0.9537,0.0667,0.5102
qwen2_audio_7b,1010,storytelling,0.8086,0.0698,0.4392
qwen2_audio_7b,1011,storytelling,0.9278,0.094,0.5109
qwen2_audio_7b,1012,storytelling,0.8291,0.0392,0.4342
qwen2_audio_7b,1013,storytelling,0.9087,0.0566,0.4826
qwen2_audio_7b,1014,storytelling,0.9286,0.0588,0.4937
qwen2_audio_7b,1015,storytelling,0.915,0.0976,0.5063
qwen2_audio_7b,1016,storytelling,0.9128,0.0744,0.4936
qwen2_audio_7b,1017,storytelling,0.7834,0.0726,0.428
qwen2_audio_7b,1018,storytelling,0.9738,0.0744,0.5241
qwen2_audio_7b,1019,storytelling,0.7169,0.0714,0.3942
qwen2_audio_7b,1020,storytelling,0.8215,0.0575,0.4395
qwen2_audio_7b,1021,storytelling,0.6827,0.0504,0.3666
qwen2_audio_7b,1022,storytelling,0.9614,0.0662,0.5138
qwen2_audio_7b,1023,storytelling,0.7775,0.1062,0.4418
qwen2_audio_7b,1024,storytelling,0.9447,0.0901,0.5174
qwen2_audio_7b,1025,storytelling,0.9784,0.0935,0.5359
qwen2_audio_7b,1026,storytelling,0.9927,0.0583,0.5255
qwen2_audio_7b,1027,storytelling,0.802,0.0465,0.4242
qwen2_audio_7b,1028,storytelling,0.937,0.1121,0.5245
qwen2_audio_7b,1029,storytelling,0.8401,0.0678,0.454
qwen2_audio_7b,1030,storytelling,0.9499,0.0948,0.5224
qwen2_audio_7b,1031,storytelling,0.722,0.061,0.3915
qwen2_audio_7b,1032,storytelling,0.7876,0.0094,0.3985
qwen2_audio_7b,1033,storytelling,0.8582,0.1024,0.4803
qwen2_audio_7b,1034,storytelling,0.9539,0.0534,0.5037
qwen2_audio_7b,1035,storytelling,0.531,0.0097,0.2704
qwen2_audio_7b,1036,storytelling,0.7173,0.0698,0.3935
qwen2_audio_7b,1037,storytelling,0.8744,0.0579,0.4661
qwen2_audio_7b,1038,storytelling,0.5025,0.0,0.2512
qwen2_audio_7b,1039,storytelling,0.9257,0.0588,0.4922
qwen2_audio_7b,1040,storytelling,0.7212,0.0662,0.3937
qwen2_audio_7b,1041,storytelling,0.9697,0.0566,0.5132
qwen2_audio_7b,1042,storytelling,0.9141,0.0467,0.4804
qwen2_audio_7b,1043,storytelling,0.921,0.0603,0.4907
qwen2_audio_7b,1044,storytelling,0.685,0.0312,0.3581
qwen2_audio_7b,1045,storytelling,0.8519,0.0734,0.4626
qwen2_audio_7b,1046,storytelling,0.7428,0.0123,0.3776
qwen2_audio_7b,1047,storytelling,0.8139,0.0702,0.4421
qwen2_audio_7b,1048,storytelling,0.8894,0.1705,0.5299
qwen2_audio_7b,1049,storytelling,0.805,0.0469,0.4259
qwen2_audio_7b,1050,storytelling,0.9,0.1161,0.508
qwen2_audio_7b,1051,storytelling,0.8799,0.0376,0.4587
qwen2_audio_7b,1052,storytelling,0.7988,0.0636,0.4312
qwen2_audio_7b,1053,storytelling,0.7284,0.0932,0.4108
qwen2_audio_7b,1054,storytelling,0.7584,0.0709,0.4146
qwen2_audio_7b,1055,storytelling,0.8421,0.05,0.4461
qwen2_audio_7b,1056,storytelling,0.7083,0.0667,0.3875
qwen2_audio_7b,1057,storytelling,0.7691,0.0481,0.4086
qwen2_audio_7b,1058,storytelling,0.9003,0.0737,0.487
qwen2_audio_7b,1059,storytelling,0.7282,0.0636,0.3959
qwen2_audio_7b,1060,storytelling,0.6282,0.0571,0.3427
qwen2_audio_7b,1061,storytelling,0.9244,0.0625,0.4935
qwen2_audio_7b,1062,storytelling,0.841,0.0909,0.4659
qwen2_audio_7b,1063,storytelling,0.9821,0.0408,0.5115
qwen2_audio_7b,1064,storytelling,0.85,0.0543,0.4521
qwen2_audio_7b,1065,storytelling,0.8379,0.0667,0.4523
qwen2_audio_7b,1066,storytelling,0.8719,0.0902,0.481
qwen2_audio_7b,1067,storytelling,0.8851,0.055,0.4701
qwen2_audio_7b,1068,storytelling,0.4933,0.0536,0.2734
qwen2_audio_7b,1069,storytelling,0.8498,0.0734,0.4616
qwen2_audio_7b,1070,storytelling,0.6617,0.0303,0.346
qwen2_audio_7b,1071,storytelling,0.7764,0.0562,0.4163
qwen2_audio_7b,1072,storytelling,0.8623,0.0,0.4312
qwen2_audio_7b,1073,storytelling,0.6168,0.0469,0.3319
qwen2_audio_7b,1074,storytelling,0.925,0.0738,0.4994
qwen2_audio_7b,1075,storytelling,0.7743,0.0809,0.4276
qwen2_audio_7b,1076,storytelling,0.6854,0.0745,0.3799
qwen2_audio_7b,1077,storytelling,0.724,0.0842,0.4041
qwen2_audio_7b,1078,storytelling,0.9568,0.0463,0.5015
qwen2_audio_7b,1079,storytelling,0.9346,0.0795,0.5071
qwen2_audio_7b,1080,storytelling,0.8848,0.053,0.4689
qwen2_audio_7b,1081,storytelling,0.648,0.0636,0.3558
qwen2_audio_7b,1082,storytelling,0.7119,0.05,0.3809
qwen2_audio_7b,1083,storytelling,0.9552,0.0,0.4776
qwen2_audio_7b,1084,storytelling,0.3546,0.0462,0.2004
qwen2_audio_7b,1085,storytelling,0.8601,0.0448,0.4524
qwen2_audio_7b,1086,storytelling,0.9776,0.0971,0.5373
qwen2_audio_7b,1087,storytelling,0.7131,0.1167,0.4149
qwen2_audio_7b,1088,storytelling,0.9851,0.0556,0.5203
qwen2_audio_7b,1089,storytelling,0.8239,0.0492,0.4366
qwen2_audio_7b,1090,storytelling,0.7407,0.1053,0.423
qwen2_audio_7b,1091,storytelling,0.8005,0.0853,0.4429
qwen2_audio_7b,1092,storytelling,0.8892,0.0583,0.4738
qwen2_audio_7b,1093,storytelling,0.7966,0.0349,0.4157
qwen2_audio_7b,1094,storytelling,0.6636,0.0615,0.3626
qwen2_audio_7b,1095,storytelling,0.9227,0.0654,0.4941
qwen2_audio_7b,1096,storytelling,0.723,0.1008,0.4119
qwen2_audio_7b,1097,storytelling,0.7037,0.0891,0.3964
qwen2_audio_7b,1098,storytelling,0.8099,0.0854,0.4476
qwen2_audio_7b,1099,storytelling,0.9752,0.0656,0.5204
qwen2_audio_7b,1100,storytelling,0.6825,0.0614,0.372
qwen2_audio_7b,1101,storytelling,0.9198,0.0755,0.4977
qwen2_audio_7b,1102,storytelling,0.9576,0.0325,0.495
qwen2_audio_7b,1103,storytelling,0.9549,0.0575,0.5062
qwen2_audio_7b,1104,storytelling,0.5743,0.0909,0.3326
qwen2_audio_7b,1105,storytelling,0.764,0.0769,0.4205
qwen2_audio_7b,1106,storytelling,0.7629,0.0588,0.4109
qwen2_audio_7b,1107,storytelling,0.104,0.0256,0.0648
qwen2_audio_7b,1108,storytelling,0.8303,0.0357,0.433
qwen2_audio_7b,1109,storytelling,0.9182,0.0431,0.4807
qwen2_audio_7b,1110,storytelling,0.5136,0.0541,0.2838
qwen2_audio_7b,1111,storytelling,0.7467,0.0909,0.4188
qwen2_audio_7b,1112,storytelling,0.7329,0.0476,0.3903
qwen2_audio_7b,1113,storytelling,0.5452,0.0254,0.2853
qwen2_audio_7b,1114,storytelling,0.9882,0.0549,0.5216
qwen2_audio_7b,1115,storytelling,0.6407,0.0427,0.3417
qwen2_audio_7b,1116,storytelling,0.9182,0.0545,0.4864
qwen2_audio_7b,1117,storytelling,0.5688,0.0303,0.2996
qwen2_audio_7b,1118,storytelling,0.8385,0.087,0.4627
qwen2_audio_7b,1119,storytelling,0.8993,0.0923,0.4958
qwen2_audio_7b,1120,storytelling,0.8779,0.0787,0.4783
qwen2_audio_7b,1121,storytelling,0.4557,0.0896,0.2726
qwen2_audio_7b,1122,storytelling,0.9413,0.0744,0.5079
qwen2_audio_7b,1123,storytelling,0.8622,0.0354,0.4488
qwen2_audio_7b,1124,storytelling,0.84,0.0588,0.4494
qwen2_audio_7b,1125,storytelling,0.8343,0.0714,0.4528
qwen2_audio_7b,1126,storytelling,0.8344,0.0598,0.4471
qwen2_audio_7b,1127,storytelling,0.8335,0.0379,0.4357
qwen2_audio_7b,1128,storytelling,0.95,0.0943,0.5222
qwen2_audio_7b,1129,storytelling,0.8702,0.0614,0.4658
qwen2_audio_7b,1130,storytelling,0.6903,0.025,0.3577
qwen2_audio_7b,1131,storytelling,0.9408,0.0722,0.5065
qwen2_audio_7b,1132,storytelling,0.6124,0.075,0.3437
qwen2_audio_7b,1133,storytelling,0.7443,0.03,0.3871
qwen2_audio_7b,1134,storytelling,0.8801,0.0745,0.4773
qwen2_audio_7b,1135,storytelling,0.9467,0.0687,0.5077
qwen2_audio_7b,1136,storytelling,0.8671,0.0407,0.4539
qwen2_audio_7b,1137,storytelling,0.7424,0.0698,0.4061
qwen2_audio_7b,1138,storytelling,0.8106,0.0709,0.4407
qwen2_audio_7b,1139,storytelling,0.6933,0.0221,0.3577
qwen2_audio_7b,1140,storytelling,0.9485,0.0738,0.5111
qwen2_audio_7b,1141,storytelling,0.6702,0.0161,0.3432
qwen2_audio_7b,1142,storytelling,0.8869,0.0545,0.4707
qwen2_audio_7b,1143,storytelling,0.7126,0.0693,0.391
qwen2_audio_7b,1144,storytelling,0.6436,0.0561,0.3499
qwen2_audio_7b,1145,storytelling,0.9286,0.056,0.4923
qwen2_audio_7b,1146,storytelling,0.6652,0.0594,0.3623
qwen2_audio_7b,1147,storytelling,0.8144,0.05,0.4322
qwen2_audio_7b,1148,storytelling,0.8515,0.037,0.4443
qwen2_audio_7b,1149,storytelling,0.8355,0.0561,0.4458
qwen2_audio_7b,1150,storytelling,0.7474,0.036,0.3917
qwen2_audio_7b,1151,storytelling,0.9512,0.0464,0.4988
qwen2_audio_7b,1152,storytelling,0.9423,0.0813,0.5118
qwen2_audio_7b,1153,storytelling,0.7003,0.0899,0.3951
qwen2_audio_7b,1154,storytelling,0.7466,0.0725,0.4095
qwen2_audio_7b,1155,storytelling,0.9842,0.0444,0.5143
qwen2_audio_7b,1156,storytelling,0.4504,0.0,0.2252
qwen2_audio_7b,1157,storytelling,0.8496,0.0488,0.4492
qwen2_audio_7b,1158,storytelling,0.8818,0.0588,0.4703
qwen2_audio_7b,1159,storytelling,0.6726,0.0721,0.3723
qwen2_audio_7b,1160,storytelling,0.7065,0.0654,0.386
qwen2_audio_7b,1161,storytelling,0.7825,0.049,0.4157
qwen2_audio_7b,1162,storytelling,0.1598,0.0179,0.0889
qwen2_audio_7b,1163,storytelling,0.9985,0.0556,0.527
qwen2_audio_7b,1164,storytelling,0.9935,0.0828,0.5381
qwen2_audio_7b,1165,storytelling,0.5089,0.0,0.2544
qwen2_audio_7b,1166,storytelling,0.991,0.0611,0.526
qwen2_audio_7b,1167,storytelling,0.7018,0.0515,0.3766
qwen2_audio_7b,1168,storytelling,0.7456,0.0577,0.4017
qwen2_audio_7b,1169,storytelling,0.9505,0.0822,0.5163
qwen2_audio_7b,1170,storytelling,0.7886,0.113,0.4508
qwen2_audio_7b,1171,storytelling,0.9356,0.0652,0.5004
qwen2_audio_7b,1172,storytelling,0.9399,0.0794,0.5096
qwen2_audio_7b,1173,storytelling,0.9491,0.0769,0.513
qwen2_audio_7b,1174,storytelling,0.9859,0.0902,0.5381
qwen2_audio_7b,1175,storytelling,0.6079,0.0105,0.3092
qwen2_audio_7b,1176,storytelling,0.6332,0.075,0.3541
qwen2_audio_7b,1177,storytelling,0.6306,0.0714,0.351
qwen2_audio_7b,1178,storytelling,0.81,0.0413,0.4256
qwen2_audio_7b,1179,storytelling,0.9088,0.0423,0.4755
qwen2_audio_7b,1180,storytelling,0.823,0.0769,0.4499
qwen2_audio_7b,1181,storytelling,0.8303,0.0171,0.4237
qwen2_audio_7b,1182,storytelling,0.954,0.0705,0.5123
qwen2_audio_7b,1183,storytelling,0.8265,0.0565,0.4415
qwen2_audio_7b,1184,storytelling,0.8983,0.0917,0.495
qwen2_audio_7b,1185,storytelling,0.9806,0.0985,0.5396
qwen2_audio_7b,1186,storytelling,0.9892,0.0889,0.5391
qwen2_audio_7b,1187,storytelling,0.6465,0.0611,0.3538
qwen2_audio_7b,1188,storytelling,0.8685,0.0533,0.4609
qwen2_audio_7b,1189,storytelling,0.6143,0.0556,0.3349
qwen2_audio_7b,1190,storytelling,0.7436,0.0458,0.3947
qwen2_audio_7b,1191,storytelling,0.9401,0.1014,0.5207
qwen2_audio_7b,1192,storytelling,0.8738,0.0588,0.4663
qwen2_audio_7b,1193,storytelling,0.8975,0.0745,0.486
qwen2_audio_7b,1194,storytelling,0.7695,0.0427,0.4061
qwen2_audio_7b,1195,storytelling,0.8003,0.028,0.4142
qwen2_audio_7b,1196,storytelling,0.9744,0.0448,0.5096
qwen2_audio_7b,1197,storytelling,0.6789,0.0965,0.3877
qwen2_audio_7b,1198,storytelling,0.0922,0.0,0.0461
qwen2_audio_7b,1199,storytelling,0.8188,0.042,0.4304
qwen2_audio_7b,1200,unrestricted,0.594,0.042,0.318
qwen2_audio_7b,1201,unrestricted,0.7311,0.0645,0.3978
qwen2_audio_7b,1202,unrestricted,0.966,0.0741,0.52
qwen2_audio_7b,1203,unrestricted,0.5855,0.0446,0.3151
qwen2_audio_7b,1204,unrestricted,0.1974,0.0135,0.1055
qwen2_audio_7b,1205,unrestricted,0.6339,0.0388,0.3364
qwen2_audio_7b,1206,unrestricted,0.6329,0.07,0.3514
qwen2_audio_7b,1207,unrestricted,0.6814,0.0488,0.3651
qwen2_audio_7b,1208,unrestricted,0.8975,0.0316,0.4645
qwen2_audio_7b,1209,unrestricted,0.7954,0.0083,0.4019
qwen2_audio_7b,1210,unrestricted,0.7145,0.0659,0.3902
qwen2_audio_7b,1211,unrestricted,0.73,0.0403,0.3852
qwen2_audio_7b,1212,unrestricted,0.9478,0.0588,0.5033
qwen2_audio_7b,1213,unrestricted,0.7987,0.0667,0.4327
qwen2_audio_7b,1214,unrestricted,0.6913,0.0109,0.3511
qwen2_audio_7b,1215,unrestricted,0.8466,0.0645,0.4556
qwen2_audio_7b,1216,unrestricted,0.6851,0.0725,0.3788
qwen2_audio_7b,1217,unrestricted,0.6618,0.0741,0.3679
qwen2_audio_7b,1218,unrestricted,0.5782,0.0575,0.3178
qwen2_audio_7b,1219,unrestricted,0.968,0.0738,0.5209
qwen2_audio_7b,1220,unrestricted,0.8889,0.0395,0.4642
qwen2_audio_7b,1221,unrestricted,0.7,0.0769,0.3885
qwen2_audio_7b,1222,unrestricted,0.6558,0.0619,0.3588
qwen2_audio_7b,1223,unrestricted,0.508,0.0467,0.2774
qwen2_audio_7b,1224,unrestricted,0.5813,0.0417,0.3115
qwen2_audio_7b,1225,unrestricted,0.8972,0.0556,0.4764
qwen2_audio_7b,1226,unrestricted,0.7635,0.06,0.4118
qwen2_audio_7b,1227,unrestricted,0.6448,0.0115,0.3281
qwen2_audio_7b,1228,unrestricted,0.6066,0.0455,0.326
qwen2_audio_7b,1229,unrestricted,0.6444,0.0562,0.3503
qwen2_audio_7b,1230,unrestricted,0.5324,0.0,0.2662
qwen2_audio_7b,1231,unrestricted,0.7814,0.07,0.4257
qwen2_audio_7b,1232,unrestricted,0.4093,0.0575,0.2334
qwen2_audio_7b,1233,unrestricted,0.7043,0.0612,0.3828
qwen2_audio_7b,1234,unrestricted,0.6727,0.0571,0.3649
qwen2_audio_7b,1235,unrestricted,0.6567,0.01,0.3333
qwen2_audio_7b,1236,unrestricted,0.4801,0.0632,0.2716
qwen2_audio_7b,1237,unrestricted,0.9021,0.0784,0.4903
qwen2_audio_7b,1238,unrestricted,0.7118,0.0515,0.3817
qwen2_audio_7b,1239,unrestricted,0.6882,0.0648,0.3765
qwen2_audio_7b,1240,unrestricted,0.9378,0.0748,0.5063
qwen2_audio_7b,1241,unrestricted,0.9223,0.0521,0.4872
qwen2_audio_7b,1242,unrestricted,0.6255,0.0439,0.3347
qwen2_audio_7b,1243,unrestricted,0.9544,0.0893,0.5218
qwen2_audio_7b,1244,unrestricted,0.8481,0.0654,0.4568
qwen2_audio_7b,1245,unrestricted,0.643,0.0696,0.3563
qwen2_audio_7b,1246,unrestricted,0.9844,0.0569,0.5207
qwen2_audio_7b,1247,unrestricted,0.882,0.07,0.476
qwen2_audio_7b,1248,unrestricted,0.5569,0.012,0.2845
qwen2_audio_7b,1249,unrestricted,0.593,0.0093,0.3012
qwen2_audio_7b,1250,unrestricted,0.7755,0.0595,0.4175
qwen2_audio_7b,1251,unrestricted,0.4942,0.0183,0.2563
qwen2_audio_7b,1252,unrestricted,0.9911,0.0504,0.5208
qwen2_audio_7b,1253,unrestricted,0.6359,0.0693,0.3526
qwen2_audio_7b,1254,unrestricted,0.7444,0.051,0.3977
qwen2_audio_7b,1255,unrestricted,0.7239,0.0568,0.3903
qwen2_audio_7b,1256,unrestricted,0.5978,0.051,0.3244
qwen2_audio_7b,1257,unrestricted,0.912,0.0566,0.4843
qwen2_audio_7b,1258,unrestricted,0.7972,0.0481,0.4227
qwen2_audio_7b,1259,unrestricted,0.6918,0.0661,0.3789
qwen2_audio_7b,1260,unrestricted,0.9277,0.0943,0.511
qwen2_audio_7b,1261,unrestricted,0.9297,0.0303,0.48
qwen2_audio_7b,1262,unrestricted,0.7935,0.0588,0.4262
qwen2_audio_7b,1263,unrestricted,0.6105,0.051,0.3308
qwen2_audio_7b,1264,unrestricted,0.1516,0.0,0.0758
qwen2_audio_7b,1265,unrestricted,0.6514,0.1077,0.3796
qwen2_audio_7b,1266,unrestricted,0.7363,0.0424,0.3894
qwen2_audio_7b,1267,unrestricted,0.9259,0.0496,0.4878
qwen2_audio_7b,1268,unrestricted,0.6541,0.0638,0.3589
qwen2_audio_7b,1269,unrestricted,0.9368,0.0692,0.503
qwen2_audio_7b,1270,unrestricted,1.0,0.1818,0.5909
qwen2_audio_7b,1271,unrestricted,0.6213,0.098,0.3597
qwen2_audio_7b,1272,unrestricted,0.9102,0.0968,0.5035
qwen2_audio_7b,1273,unrestricted,0.9469,0.0455,0.4962
qwen2_audio_7b,1274,unrestricted,0.6945,0.0808,0.3877
qwen2_audio_7b,1275,unrestricted,0.5165,0.0545,0.2855
qwen2_audio_7b,1276,unrestricted,0.3177,0.0,0.1589
qwen2_audio_7b,1277,unrestricted,0.957,0.0563,0.5067
qwen2_audio_7b,1278,unrestricted,0.9625,0.0619,0.5122
qwen2_audio_7b,1279,unrestricted,0.8295,0.0619,0.4457
qwen2_audio_7b,1280,unrestricted,0.8923,0.0672,0.4798
qwen2_audio_7b,1281,unrestricted,0.5993,0.0253,0.3123
qwen2_audio_7b,1282,unrestricted,0.5542,0.0619,0.308
qwen2_audio_7b,1283,unrestricted,0.7562,0.0748,0.4155
qwen2_audio_7b,1284,unrestricted,0.9908,0.0882,0.5395
qwen2_audio_7b,1285,unrestricted,0.8349,0.0429,0.4389
qwen2_audio_7b,1286,unrestricted,0.6823,0.045,0.3637
qwen2_audio_7b,1287,unrestricted,0.7958,0.0833,0.4396
qwen2_audio_7b,1288,unrestricted,0.5751,0.0,0.2876
qwen2_audio_7b,1289,unrestricted,0.6639,0.08,0.372
qwen2_audio_7b,1290,unrestricted,0.8926,0.1368,0.5147
qwen2_audio_7b,1291,unrestricted,0.9816,0.0633,0.5224
qwen2_audio_7b,1292,unrestricted,0.8158,0.0952,0.4555
qwen2_audio_7b,1293,unrestricted,0.9589,0.0538,0.5063
qwen2_audio_7b,1294,unrestricted,0.5262,0.0,0.2631
qwen2_audio_7b,1295,unrestricted,0.8471,0.0526,0.4499
qwen2_audio_7b,1296,unrestricted,0.9463,0.0517,0.499
qwen2_audio_7b,1297,unrestricted,0.8324,0.122,0.4772
qwen2_audio_7b,1298,unrestricted,0.7438,0.0918,0.4178
qwen2_audio_7b,1299,unrestricted,0.3685,0.0309,0.1997
qwen2_audio_7b,1300,unrestricted,0.8612,0.0893,0.4752
qwen2_audio_7b,1301,unrestricted,0.936,0.08,0.508
qwen2_audio_7b,1302,unrestricted,0.7776,0.0789,0.4283
qwen2_audio_7b,1303,unrestricted,0.7141,0.1154,0.4147
qwen2_audio_7b,1304,unrestricted,0.8533,0.0855,0.4694
qwen2_audio_7b,1305,unrestricted,0.9158,0.0769,0.4963
qwen2_audio_7b,1306,unrestricted,0.8287,0.0805,0.4546
qwen2_audio_7b,1307,unrestricted,0.3046,0.0,0.1523
qwen2_audio_7b,1308,unrestricted,0.8659,0.0777,0.4718
qwen2_audio_7b,1309,unrestricted,0.9908,0.056,0.5234
qwen2_audio_7b,1310,unrestricted,0.6381,0.0536,0.3458
qwen2_audio_7b,1311,unrestricted,0.6213,0.0667,0.344
qwen2_audio_7b,1312,unrestricted,0.5632,0.05,0.3066
qwen2_audio_7b,1313,unrestricted,0.709,0.0841,0.3966
qwen2_audio_7b,1314,unrestricted,0.8792,0.0,0.4396
qwen2_audio_7b,1315,unrestricted,0.7376,0.0678,0.4027
qwen2_audio_7b,1316,unrestricted,0.803,0.0992,0.4511
qwen2_audio_7b,1317,unrestricted,0.678,0.0,0.339
qwen2_audio_7b,1318,unrestricted,0.8211,0.0597,0.4404
qwen2_audio_7b,1319,unrestricted,0.6471,0.0206,0.3339
qwen2_audio_7b,1320,unrestricted,0.8764,0.0106,0.4435
qwen2_audio_7b,1321,unrestricted,0.9316,0.1765,0.554
qwen2_audio_7b,1322,unrestricted,0.7738,0.0642,0.419
qwen2_audio_7b,1323,unrestricted,0.5126,0.0085,0.2606
qwen2_audio_7b,1324,unrestricted,0.9922,0.0521,0.5221
qwen2_audio_7b,1325,unrestricted,0.8058,0.057,0.4314
qwen2_audio_7b,1326,unrestricted,0.7987,0.1122,0.4555
qwen2_audio_7b,1327,unrestricted,1.0,0.0893,0.5446
qwen2_audio_7b,1328,unrestricted,0.6844,0.0108,0.3476
qwen2_audio_7b,1329,unrestricted,0.7759,0.0847,0.4303
qwen2_audio_7b,1330,unrestricted,0.5345,0.0841,0.3093
qwen2_audio_7b,1331,unrestricted,0.8662,0.0918,0.479
qwen2_audio_7b,1332,unrestricted,0.8275,0.0636,0.4456
qwen2_audio_7b,1333,unrestricted,0.6928,0.0795,0.3862
qwen2_audio_7b,1334,unrestricted,0.6842,0.0526,0.3684
qwen2_audio_7b,1335,unrestricted,0.9019,0.1,0.501
qwen2_audio_7b,1336,unrestricted,0.6194,0.0612,0.3403
qwen2_audio_7b,1337,unrestricted,0.9309,0.0179,0.4744
qwen2_audio_7b,1338,unrestricted,0.6301,0.1034,0.3668
qwen2_audio_7b,1339,unrestricted,0.8689,0.098,0.4835
qwen2_audio_7b,1340,unrestricted,0.9435,0.0794,0.5114
qwen2_audio_7b,1341,unrestricted,0.7197,0.0756,0.3977
qwen2_audio_7b,1342,unrestricted,0.8735,0.0667,0.4701
qwen2_audio_7b,1343,unrestricted,0.9167,0.0942,0.5054
qwen2_audio_7b,1344,unrestricted,0.6764,0.0442,0.3603
qwen2_audio_7b,1345,unrestricted,0.7085,0.0734,0.391
qwen2_audio_7b,1346,unrestricted,0.8921,0.0727,0.4824
qwen2_audio_7b,1347,unrestricted,0.8023,0.087,0.4446
qwen2_audio_7b,1348,unrestricted,0.8466,0.0235,0.4351
qwen2_audio_7b,1349,unrestricted,0.1624,0.0133,0.0878
qwen2_audio_7b,1350,unrestricted,0.6971,0.0935,0.3953
qwen2_audio_7b,1351,unrestricted,0.8438,0.0667,0.4552
qwen2_audio_7b,1352,unrestricted,0.7363,0.1429,0.4396
qwen2_audio_7b,1353,unrestricted,0.2703,0.0164,0.1433
qwen2_audio_7b,1354,unrestricted,0.8093,0.0833,0.4463
qwen2_audio_7b,1355,unrestricted,0.5431,0.0776,0.3103
qwen2_audio_7b,1356,unrestricted,0.091,0.0,0.0455
qwen2_audio_7b,1357,unrestricted,0.9107,0.1102,0.5105
qwen2_audio_7b,1358,unrestricted,0.8557,0.0769,0.4663
qwen2_audio_7b,1359,unrestricted,0.953,0.05,0.5015
qwen2_audio_7b,1360,unrestricted,0.6715,0.0583,0.3649
qwen2_audio_7b,1361,unrestricted,0.9138,0.2,0.5569
qwen2_audio_7b,1362,unrestricted,0.8073,0.0847,0.446
qwen2_audio_7b,1363,unrestricted,0.8135,0.0484,0.4309
qwen2_audio_7b,1364,unrestricted,0.7851,0.088,0.4365
qwen2_audio_7b,1365,unrestricted,0.9484,0.0762,0.5123
qwen2_audio_7b,1366,unrestricted,0.9788,0.0786,0.5287
qwen2_audio_7b,1367,unrestricted,0.666,0.0769,0.3714
qwen2_audio_7b,1368,unrestricted,0.5316,0.0485,0.29
qwen2_audio_7b,1369,unrestricted,0.6976,0.049,0.3733
qwen2_audio_7b,1370,unrestricted,0.8429,0.08,0.4615
qwen2_audio_7b,1371,unrestricted,0.6871,0.0536,0.3703
qwen2_audio_7b,1372,unrestricted,0.7821,0.0496,0.4158
qwen2_audio_7b,1373,unrestricted,0.6765,0.036,0.3563
qwen2_audio_7b,1374,unrestricted,0.8126,0.0825,0.4475
qwen2_audio_7b,1375,unrestricted,0.1616,0.0,0.0808
qwen2_audio_7b,1376,unrestricted,0.6629,0.0547,0.3588
qwen2_audio_7b,1377,unrestricted,0.5523,0.0521,0.3022
qwen2_audio_7b,1378,unrestricted,0.8204,0.0935,0.4569
qwen2_audio_7b,1379,unrestricted,0.7072,0.0924,0.3998
qwen2_audio_7b,1380,unrestricted,0.7224,0.07,0.3962
qwen2_audio_7b,1381,unrestricted,0.8505,0.08,0.4653
qwen2_audio_7b,1382,unrestricted,0.8522,0.1085,0.4804
qwen2_audio_7b,1383,unrestricted,0.6059,0.1765,0.3912
qwen2_audio_7b,1384,unrestricted,0.6168,0.0,0.3084
qwen2_audio_7b,1385,unrestricted,0.7139,0.0952,0.4046
qwen2_audio_7b,1386,unrestricted,0.5374,0.0667,0.302
qwen2_audio_7b,1387,unrestricted,0.8636,0.0625,0.463
qwen2_audio_7b,1388,unrestricted,0.8257,0.0726,0.4492
qwen2_audio_7b,1389,unrestricted,0.8071,0.0833,0.4452
qwen2_audio_7b,1390,unrestricted,0.8689,0.0735,0.4712
qwen2_audio_7b,1391,unrestricted,0.7797,0.0732,0.4264
qwen2_audio_7b,1392,unrestricted,0.4288,0.039,0.2339
qwen2_audio_7b,1393,unrestricted,0.9841,0.0097,0.4969
qwen2_audio_7b,1394,unrestricted,0.5547,0.0826,0.3186
qwen2_audio_7b,1395,unrestricted,0.7009,0.036,0.3685
qwen2_audio_7b,1396,unrestricted,0.7759,0.0684,0.4222
qwen2_audio_7b,1397,unrestricted,0.848,0.0976,0.4728
qwen2_audio_7b,1398,unrestricted,0.0721,0.0,0.036
qwen2_audio_7b,1399,unrestricted,0.8672,0.099,0.4831
qwen2_audio_7b,1400,unrestricted,0.6966,0.0072,0.3519
qwen2_audio_7b,1401,unrestricted,0.9047,0.0297,0.4672
qwen2_audio_7b,1402,unrestricted,0.7592,0.0167,0.3879
qwen2_audio_7b,1403,unrestricted,0.622,0.009,0.3155
qwen2_audio_7b,1404,unrestricted,0.9683,0.0253,0.4968
qwen2_audio_7b,1405,unrestricted,0.6512,0.0723,0.3618
qwen2_audio_7b,1406,unrestricted,0.7837,0.0171,0.4004
qwen2_audio_7b,1407,unrestricted,0.7376,0.0261,0.3818
qwen2_audio_7b,1408,unrestricted,0.8331,0.0707,0.4519
qwen2_audio_7b,1409,unrestricted,0.759,0.0444,0.4017
qwen2_audio_7b,1410,unrestricted,0.6085,0.0084,0.3085
qwen2_audio_7b,1411,unrestricted,0.6502,0.0175,0.3339
qwen2_audio_7b,1412,unrestricted,0.7243,0.0455,0.3849
qwen2_audio_7b,1413,unrestricted,0.8505,0.0455,0.448
qwen2_audio_7b,1414,unrestricted,0.6295,0.0476,0.3386
qwen2_audio_7b,1415,unrestricted,0.8909,0.0123,0.4516
qwen2_audio_7b,1416,unrestricted,0.9695,0.0,0.4848
qwen2_audio_7b,1417,unrestricted,0.499,0.0342,0.2666
qwen2_audio_7b,1418,unrestricted,0.6277,0.0079,0.3178
qwen2_audio_7b,1419,unrestricted,0.5547,0.0265,0.2906
qwen2_audio_7b,1420,unrestricted,0.5359,0.0192,0.2776
qwen2_audio_7b,1421,unrestricted,0.9147,0.0526,0.4837
qwen2_audio_7b,1422,unrestricted,0.8407,0.0,0.4204
qwen2_audio_7b,1423,unrestricted,0.7664,0.0079,0.3872
qwen2_audio_7b,1424,unrestricted,0.8875,0.0275,0.4575
qwen2_audio_7b,1425,unrestricted,0.5487,0.0,0.2743
qwen2_audio_7b,1426,unrestricted,0.9687,0.0354,0.502
qwen2_audio_7b,1427,unrestricted,0.9609,0.016,0.4885
qwen2_audio_7b,1428,unrestricted,0.7375,0.0339,0.3857
qwen2_audio_7b,1429,unrestricted,0.8406,0.0081,0.4244
qwen2_audio_7b,1430,unrestricted,0.6954,0.0206,0.358
qwen2_audio_7b,1431,unrestricted,0.7748,0.05,0.4124
qwen2_audio_7b,1432,unrestricted,0.9329,0.0244,0.4786
qwen2_audio_7b,1433,unrestricted,0.8427,0.0077,0.4252
qwen2_audio_7b,1434,unrestricted,0.8303,0.0,0.4151
qwen2_audio_7b,1435,unrestricted,0.8186,0.0319,0.4252
qwen2_audio_7b,1436,unrestricted,0.9736,0.0154,0.4945
qwen2_audio_7b,1437,unrestricted,0.8555,0.0,0.4277
qwen2_audio_7b,1438,unrestricted,0.6133,0.0177,0.3155
qwen2_audio_7b,1439,unrestricted,0.6576,0.0413,0.3495
qwen2_audio_7b,1440,unrestricted,0.8367,0.0098,0.4233
qwen2_audio_7b,1441,unrestricted,0.8541,0.0208,0.4375
qwen2_audio_7b,1442,unrestricted,0.6312,0.0171,0.3242
qwen2_audio_7b,1443,unrestricted,0.6701,0.0543,0.3622
qwen2_audio_7b,1444,unrestricted,0.6511,0.0115,0.3313
qwen2_audio_7b,1445,unrestricted,0.9636,0.0278,0.4957
qwen2_audio_7b,1446,unrestricted,1.0,0.0361,0.5181
qwen2_audio_7b,1447,unrestricted,0.8903,0.0094,0.4499
qwen2_audio_7b,1448,unrestricted,0.7601,0.0388,0.3995
qwen2_audio_7b,1449,unrestricted,0.9266,0.0122,0.4694
qwen2_audio_7b,1450,unrestricted,0.9111,0.0964,0.5038
qwen2_audio_7b,1451,unrestricted,0.6908,0.0,0.3454
qwen2_audio_7b,1452,unrestricted,0.5308,0.0283,0.2796
qwen2_audio_7b,1453,unrestricted,0.7484,0.0156,0.382
qwen2_audio_7b,1454,unrestricted,0.6005,0.0094,0.305
qwen2_audio_7b,1455,unrestricted,0.8729,0.039,0.4559
qwen2_audio_7b,1456,unrestricted,0.9054,0.0088,0.4571
qwen2_audio_7b,1457,unrestricted,0.7626,0.0471,0.4048
qwen2_audio_7b,1458,unrestricted,0.9018,0.0513,0.4765
qwen2_audio_7b,1459,unrestricted,0.7556,0.0513,0.4034
qwen2_audio_7b,1460,unrestricted,0.6817,0.0222,0.352
qwen2_audio_7b,1461,unrestricted,0.9605,0.0,0.4802
qwen2_audio_7b,1462,unrestricted,0.7073,0.0241,0.3657
qwen2_audio_7b,1463,unrestricted,0.8099,0.0215,0.4157
qwen2_audio_7b,1464,unrestricted,0.6638,0.0,0.3319
qwen2_audio_7b,1465,unrestricted,0.6515,0.032,0.3417
qwen2_audio_7b,1466,unrestricted,0.6464,0.0283,0.3373
qwen2_audio_7b,1467,unrestricted,0.6943,0.0275,0.3609
qwen2_audio_7b,1468,unrestricted,0.6952,0.0,0.3476
qwen2_audio_7b,1469,unrestricted,0.9736,0.0102,0.4919
qwen2_audio_7b,1470,unrestricted,0.9314,0.0531,0.4922
qwen2_audio_7b,1471,unrestricted,0.8513,0.0,0.4257
qwen2_audio_7b,1472,unrestricted,0.9272,0.0125,0.4699
qwen2_audio_7b,1473,unrestricted,0.9211,0.0103,0.4657
qwen2_audio_7b,1474,unrestricted,0.667,0.0171,0.3421
qwen2_audio_7b,1475,unrestricted,0.9389,0.0,0.4695
qwen2_audio_7b,1476,unrestricted,0.9846,0.0108,0.4977
qwen2_audio_7b,1477,unrestricted,0.6161,0.0093,0.3127
qwen2_audio_7b,1478,unrestricted,0.6069,0.0957,0.3513
qwen2_audio_7b,1479,unrestricted,0.755,0.0,0.3775
qwen2_audio_7b,1480,unrestricted,0.6244,0.0,0.3122
qwen2_audio_7b,1481,unrestricted,0.639,0.0,0.3195
qwen2_audio_7b,1482,unrestricted,0.8573,0.0136,0.4355
qwen2_audio_7b,1483,unrestricted,0.9582,0.0,0.4791
qwen2_audio_7b,1484,unrestricted,0.7652,0.01,0.3876
qwen2_audio_7b,1485,unrestricted,0.9007,0.0234,0.4621
qwen2_audio_7b,1486,unrestricted,0.8157,0.0183,0.417
qwen2_audio_7b,1487,unrestricted,0.8265,0.0323,0.4294
qwen2_audio_7b,1488,unrestricted,0.8178,0.0198,0.4188
qwen2_audio_7b,1489,unrestricted,0.9904,0.0163,0.5033
qwen2_audio_7b,1490,unrestricted,0.9217,0.0108,0.4662
qwen2_audio_7b,1491,unrestricted,0.7897,0.0,0.3948
qwen2_audio_7b,1492,unrestricted,0.8902,0.0,0.4451
qwen2_audio_7b,1493,unrestricted,0.9053,0.0,0.4527
qwen2_audio_7b,1494,unrestricted,0.748,0.0526,0.4003
qwen2_audio_7b,1495,unrestricted,0.1312,0.0,0.0656
qwen2_audio_7b,1496,unrestricted,0.9951,0.0,0.4976
qwen2_audio_7b,1497,unrestricted,0.9625,0.0526,0.5075
qwen2_audio_7b,1498,unrestricted,0.6518,0.0168,0.3343
qwen2_audio_7b,1499,unrestricted,0.9282,0.0152,0.4717
qwen2_audio_7b,1500,unrestricted,0.8054,0.0087,0.4071
qwen2_audio_7b,1501,unrestricted,0.8234,0.0,0.4117
qwen2_audio_7b,1502,unrestricted,0.9206,0.0217,0.4712
qwen2_audio_7b,1503,unrestricted,0.988,0.0092,0.4986
qwen2_audio_7b,1504,unrestricted,0.9841,0.0168,0.5005
qwen2_audio_7b,1505,unrestricted,0.8237,0.0,0.4119
qwen2_audio_7b,1506,unrestricted,0.8174,0.0,0.4087
qwen2_audio_7b,1507,unrestricted,0.8707,0.0083,0.4395
qwen2_audio_7b,1508,unrestricted,0.9218,0.0164,0.4691
qwen2_audio_7b,1509,unrestricted,0.7261,0.0079,0.367
qwen2_audio_7b,1510,unrestricted,0.8638,0.0261,0.4449
qwen2_audio_7b,1511,unrestricted,0.7424,0.05,0.3962
qwen2_audio_7b,1512,unrestricted,0.8815,0.048,0.4647
qwen2_audio_7b,1513,unrestricted,0.91,0.0093,0.4597
qwen2_audio_7b,1514,unrestricted,0.8373,0.0118,0.4245
qwen2_audio_7b,1515,unrestricted,0.8706,0.0635,0.4671
qwen2_audio_7b,1516,unrestricted,0.8245,0.0067,0.4156
qwen2_audio_7b,1517,unrestricted,0.7048,0.0088,0.3568
qwen2_audio_7b,1518,unrestricted,0.7026,0.0303,0.3665
qwen2_audio_7b,1519,unrestricted,0.6387,0.0,0.3193
qwen2_audio_7b,1520,unrestricted,0.9585,0.0096,0.4841
qwen2_audio_7b,1521,unrestricted,0.168,0.0,0.084
qwen2_audio_7b,1522,unrestricted,0.8968,0.0303,0.4635
qwen2_audio_7b,1523,unrestricted,0.9224,0.0231,0.4727
qwen2_audio_7b,1524,unrestricted,0.6581,0.0242,0.3412
qwen2_audio_7b,1525,unrestricted,0.8324,0.0291,0.4307
qwen2_audio_7b,1526,unrestricted,0.6667,0.0087,0.3377
qwen2_audio_7b,1527,unrestricted,0.478,0.0192,0.2486
qwen2_audio_7b,1528,unrestricted,0.5855,0.0,0.2927
qwen2_audio_7b,1529,unrestricted,0.7285,0.0,0.3643
qwen2_audio_7b,1530,unrestricted,0.6554,0.0381,0.3467
qwen2_audio_7b,1531,unrestricted,0.8255,0.0,0.4128
qwen2_audio_7b,1532,unrestricted,0.4157,0.0093,0.2125
qwen2_audio_7b,1533,unrestricted,0.7195,0.0,0.3597
qwen2_audio_7b,1534,unrestricted,0.5954,0.037,0.3162
qwen2_audio_7b,1535,unrestricted,0.7241,0.0079,0.366
qwen2_audio_7b,1536,unrestricted,0.8507,0.0278,0.4393
qwen2_audio_7b,1537,unrestricted,0.739,0.0328,0.3859
qwen2_audio_7b,1538,unrestricted,0.6422,0.0087,0.3254
qwen2_audio_7b,1539,unrestricted,0.7398,0.0417,0.3907
qwen2_audio_7b,1540,unrestricted,0.7417,0.0252,0.3835
qwen2_audio_7b,1541,unrestricted,0.7485,0.0078,0.3781
qwen2_audio_7b,1542,unrestricted,0.778,0.093,0.4355
qwen2_audio_7b,1543,unrestricted,0.8344,0.0575,0.446
qwen2_audio_7b,1544,unrestricted,0.8843,0.0396,0.462
qwen2_audio_7b,1545,unrestricted,0.7648,0.0303,0.3976
qwen2_audio_7b,1546,unrestricted,0.976,0.0864,0.5312
qwen2_audio_7b,1547,unrestricted,0.8618,0.0196,0.4407
qwen2_audio_7b,1548,unrestricted,0.6604,0.0074,0.3339
qwen2_audio_7b,1549,unrestricted,0.6916,0.0252,0.3584
qwen2_audio_7b,1550,unrestricted,0.5802,0.0543,0.3172
qwen2_audio_7b,1551,unrestricted,0.9754,0.0463,0.5108
qwen2_audio_7b,1552,unrestricted,0.5106,0.0204,0.2655
qwen2_audio_7b,1553,unrestricted,0.8295,0.04,0.4348
qwen2_audio_7b,1554,unrestricted,0.852,0.0381,0.4451
qwen2_audio_7b,1555,unrestricted,0.8193,0.0312,0.4253
qwen2_audio_7b,1556,unrestricted,0.7465,0.051,0.3988
qwen2_audio_7b,1557,unrestricted,0.7417,0.0084,0.375
qwen2_audio_7b,1558,unrestricted,0.6615,0.0085,0.335
qwen2_audio_7b,1559,unrestricted,0.9208,0.0088,0.4648
qwen2_audio_7b,1560,unrestricted,0.7811,0.0374,0.4092
qwen2_audio_7b,1561,unrestricted,0.6322,0.0283,0.3302
qwen2_audio_7b,1562,unrestricted,0.7063,0.028,0.3671
qwen2_audio_7b,1563,unrestricted,0.9685,0.0496,0.509
qwen2_audio_7b,1564,unrestricted,0.671,0.0485,0.3598
qwen2_audio_7b,1565,unrestricted,0.8821,0.0172,0.4497
qwen2_audio_7b,1566,unrestricted,0.7966,0.0079,0.4022
qwen2_audio_7b,1567,unrestricted,0.7116,0.009,0.3603
qwen2_audio_7b,1568,unrestricted,0.8916,0.0157,0.4537
qwen2_audio_7b,1569,unrestricted,0.7751,0.0206,0.3979
qwen2_audio_7b,1570,unrestricted,0.7792,0.0101,0.3947
qwen2_audio_7b,1571,unrestricted,0.766,0.0263,0.3962
qwen2_audio_7b,1572,unrestricted,0.6778,0.0309,0.3544
qwen2_audio_7b,1573,unrestricted,0.5579,0.0182,0.288
qwen2_audio_7b,1574,unrestricted,0.7624,0.0288,0.3956
qwen2_audio_7b,1575,unrestricted,0.9905,0.0288,0.5097
qwen2_audio_7b,1576,unrestricted,0.8282,0.0556,0.4419
qwen2_audio_7b,1577,unrestricted,0.8078,0.0297,0.4188
qwen2_audio_7b,1578,unrestricted,0.8078,0.0857,0.4468
qwen2_audio_7b,1579,unrestricted,0.8349,0.0094,0.4222
qwen2_audio_7b,1580,unrestricted,0.8342,0.0229,0.4286
qwen2_audio_7b,1581,unrestricted,0.9162,0.0513,0.4837
qwen2_audio_7b,1582,unrestricted,0.6681,0.0431,0.3556
qwen2_audio_7b,1583,unrestricted,0.6341,0.0179,0.326
qwen2_audio_7b,1584,unrestricted,0.9861,0.0427,0.5144
qwen2_audio_7b,1585,unrestricted,0.7782,0.0381,0.4082
qwen2_audio_7b,1586,unrestricted,0.6502,0.0177,0.334
qwen2_audio_7b,1587,unrestricted,0.6915,0.0085,0.35
qwen2_audio_7b,1588,unrestricted,0.6944,0.0081,0.3513
qwen2_audio_7b,1589,unrestricted,0.9571,0.0319,0.4945
qwen2_audio_7b,1590,unrestricted,0.8687,0.0136,0.4411
qwen2_audio_7b,1591,unrestricted,0.9499,0.019,0.4845
qwen2_audio_7b,1592,unrestricted,0.441,0.0182,0.2296
qwen2_audio_7b,1593,unrestricted,0.8668,0.0084,0.4376
qwen2_audio_7b,1594,unrestricted,0.9381,0.1,0.5191
qwen2_audio_7b,1595,unrestricted,0.6466,0.0202,0.3334
qwen2_audio_7b,1596,unrestricted,0.8182,0.0145,0.4163
qwen2_audio_7b,1597,unrestricted,0.6743,0.0374,0.3559
qwen2_audio_7b,1598,unrestricted,0.8943,0.0112,0.4528
qwen2_audio_7b,1599,unrestricted,0.7647,0.0108,0.3877
qwen2_audio_7b,1600,unrestricted,0.228,0.0,0.114
qwen2_audio_7b,1601,unrestricted,0.8214,0.0323,0.4268
qwen2_audio_7b,1602,unrestricted,0.7763,0.0,0.3881
qwen2_audio_7b,1603,unrestricted,0.8832,0.0349,0.4591
qwen2_audio_7b,1604,unrestricted,0.6144,0.0204,0.3174
qwen2_audio_7b,1605,unrestricted,0.103,0.0,0.0515
qwen2_audio_7b,1606,unrestricted,0.3381,0.0,0.1691
qwen2_audio_7b,1607,unrestricted,0.2839,0.0,0.1419
qwen2_audio_7b,1608,unrestricted,0.3661,0.0,0.1831
qwen2_audio_7b,1609,unrestricted,0.276,0.0,0.138
qwen2_audio_7b,1610,unrestricted,0.8678,0.0208,0.4443
qwen2_audio_7b,1611,unrestricted,0.7076,0.0348,0.3712
qwen2_audio_7b,1612,unrestricted,0.1536,0.0,0.0768
qwen2_audio_7b,1613,unrestricted,0.9934,0.0479,0.5207
qwen2_audio_7b,1614,unrestricted,0.7562,0.0,0.3781
qwen2_audio_7b,1615,unrestricted,0.8318,0.0417,0.4367
qwen2_audio_7b,1616,unrestricted,0.7259,0.0,0.363
qwen2_audio_7b,1617,unrestricted,0.6636,0.0206,0.3421
qwen2_audio_7b,1618,unrestricted,0.4452,0.0698,0.2575
qwen2_audio_7b,1619,unrestricted,0.5904,0.0,0.2952
qwen2_audio_7b,1620,unrestricted,0.617,0.0,0.3085
qwen2_audio_7b,1621,unrestricted,0.6199,0.0189,0.3194
qwen2_audio_7b,1622,unrestricted,0.711,0.0,0.3555
qwen2_audio_7b,1623,unrestricted,0.2431,0.0,0.1216
qwen2_audio_7b,1624,unrestricted,0.2918,0.0,0.1459
qwen2_audio_7b,1625,unrestricted,0.8757,0.0196,0.4477
qwen2_audio_7b,1626,unrestricted,0.804,0.0,0.402
qwen2_audio_7b,1627,unrestricted,0.8417,0.0102,0.426
qwen2_audio_7b,1628,unrestricted,0.8726,0.0337,0.4532
qwen2_audio_7b,1629,unrestricted,0.8758,0.0169,0.4464
qwen2_audio_7b,1630,unrestricted,0.8865,0.0297,0.4581
qwen2_audio_7b,1631,unrestricted,0.583,0.0833,0.3332
qwen2_audio_7b,1632,unrestricted,0.626,0.0,0.313
qwen2_audio_7b,1633,unrestricted,0.1928,0.0,0.0964
qwen2_audio_7b,1634,unrestricted,0.792,0.1031,0.4476
qwen2_audio_7b,1635,unrestricted,0.2158,0.0,0.1079
qwen2_audio_7b,1636,unrestricted,0.0771,0.0,0.0385
qwen2_audio_7b,1637,unrestricted,0.5844,0.0,0.2922
qwen2_audio_7b,1638,unrestricted,0.9591,0.0214,0.4902
qwen2_audio_7b,1639,unrestricted,0.4304,0.0202,0.2253
qwen2_audio_7b,1640,unrestricted,0.934,0.0092,0.4716
qwen2_audio_7b,1641,unrestricted,0.9422,0.0909,0.5166
qwen2_audio_7b,1642,unrestricted,0.6575,0.0101,0.3338
qwen2_audio_7b,1643,unrestricted,0.8536,0.0206,0.4371
qwen2_audio_7b,1644,unrestricted,0.8552,0.1402,0.4977
qwen2_audio_7b,1645,unrestricted,0.3433,0.0,0.1716
qwen2_audio_7b,1646,unrestricted,0.6,0.0333,0.3167
qwen2_audio_7b,1647,unrestricted,0.9393,0.0,0.4696
qwen2_audio_7b,1648,unrestricted,0.6482,0.0816,0.3649
qwen2_audio_7b,1649,unrestricted,0.699,0.0286,0.3638
qwen2_audio_7b,1650,unrestricted,0.1499,0.0,0.0749
qwen2_audio_7b,1651,unrestricted,0.2592,0.0,0.1296
qwen2_audio_7b,1652,unrestricted,0.7509,0.0138,0.3823
qwen2_audio_7b,1653,unrestricted,0.7437,0.0087,0.3762
qwen2_audio_7b,1654,unrestricted,0.6157,0.0112,0.3135
qwen2_audio_7b,1655,unrestricted,0.6331,0.0105,0.3218
qwen2_audio_7b,1656,unrestricted,0.6703,0.0315,0.3509
qwen2_audio_7b,1657,unrestricted,0.6943,0.0,0.3472
qwen2_audio_7b,1658,unrestricted,0.9168,0.0784,0.4976
qwen2_audio_7b,1659,unrestricted,0.7847,0.0233,0.404
qwen2_audio_7b,1660,unrestricted,0.9182,0.02,0.4691
qwen2_audio_7b,1661,unrestricted,0.4741,0.0,0.237
qwen2_audio_7b,1662,unrestricted,0.8227,0.008,0.4154
qwen2_audio_7b,1663,unrestricted,0.5084,0.0267,0.2676
qwen2_audio_7b,1664,unrestricted,0.1312,0.0,0.0656
qwen2_audio_7b,1665,unrestricted,0.7279,0.14,0.434
qwen2_audio_7b,1666,unrestricted,0.0839,0.0,0.042
qwen2_audio_7b,1667,unrestricted,0.7707,0.0319,0.4013
qwen2_audio_7b,1668,unrestricted,0.7068,0.0098,0.3583
qwen2_audio_7b,1669,unrestricted,0.4185,0.0,0.2092
qwen2_audio_7b,1670,unrestricted,0.9892,0.0397,0.5144
qwen2_audio_7b,1671,unrestricted,0.2193,0.0,0.1096
qwen2_audio_7b,1672,unrestricted,0.9349,0.0886,0.5117
qwen2_audio_7b,1673,unrestricted,0.9581,0.0112,0.4847
qwen2_audio_7b,1674,unrestricted,0.7635,0.0364,0.3999
qwen2_audio_7b,1675,unrestricted,0.5675,0.0099,0.2887
qwen2_audio_7b,1676,unrestricted,0.6112,0.0102,0.3107
qwen2_audio_7b,1677,unrestricted,0.7767,0.009,0.3928
qwen2_audio_7b,1678,unrestricted,0.6021,0.102,0.3521
qwen2_audio_7b,1679,unrestricted,0.9133,0.0235,0.4684
qwen2_audio_7b,1680,unrestricted,0.9799,0.0385,0.5092
qwen2_audio_7b,1681,unrestricted,0.9693,0.0108,0.49
qwen2_audio_7b,1682,unrestricted,0.9495,0.0,0.4748
qwen2_audio_7b,1683,unrestricted,0.8991,0.0337,0.4664
qwen2_audio_7b,1684,unrestricted,0.9935,0.012,0.5028
qwen2_audio_7b,1685,unrestricted,0.9211,0.0115,0.4663
qwen2_audio_7b,1686,unrestricted,0.9114,0.102,0.5067
qwen2_audio_7b,1687,unrestricted,0.9483,0.0268,0.4876
qwen2_audio_7b,1688,unrestricted,0.9561,0.0215,0.4888
qwen2_audio_7b,1689,unrestricted,0.3417,0.0805,0.2111
qwen2_audio_7b,1690,unrestricted,0.7478,0.0247,0.3863
qwen2_audio_7b,1691,unrestricted,0.5386,0.0408,0.2897
qwen2_audio_7b,1692,unrestricted,0.6007,0.0137,0.3072
qwen2_audio_7b,1693,unrestricted,0.9941,0.0079,0.501
qwen2_audio_7b,1694,unrestricted,0.5518,0.0242,0.288
qwen2_audio_7b,1695,unrestricted,0.6438,0.0361,0.34
qwen2_audio_7b,1696,unrestricted,0.8387,0.0294,0.434
qwen2_audio_7b,1697,unrestricted,0.7432,0.0385,0.3908
qwen2_audio_7b,1698,unrestricted,0.8501,0.0261,0.4381
qwen2_audio_7b,1699,unrestricted,0.7735,0.0106,0.3921
qwen2_audio_7b,1700,unrestricted,0.9648,0.0357,0.5002
qwen2_audio_7b,1701,unrestricted,0.7677,0.038,0.4028
qwen2_audio_7b,1702,unrestricted,0.768,0.033,0.4005
qwen2_audio_7b,1703,unrestricted,0.1713,0.0,0.0856
qwen2_audio_7b,1704,unrestricted,0.6851,0.0125,0.3488
qwen2_audio_7b,1705,unrestricted,0.7476,0.0882,0.4179
qwen2_audio_7b,1706,unrestricted,0.9949,0.0096,0.5023
qwen2_audio_7b,1707,unrestricted,0.1648,0.0227,0.0938
qwen2_audio_7b,1708,unrestricted,0.9046,0.1066,0.5056
qwen2_audio_7b,1709,unrestricted,0.7132,0.0108,0.362
qwen2_audio_7b,1710,unrestricted,0.7945,0.0538,0.4242
qwen2_audio_7b,1711,unrestricted,0.9833,0.0687,0.526
qwen2_audio_7b,1712,unrestricted,0.3832,0.0,0.1916
qwen2_audio_7b,1713,unrestricted,0.8373,0.0325,0.4349
qwen2_audio_7b,1714,unrestricted,0.7284,0.0115,0.3699
qwen2_audio_7b,1715,unrestricted,0.7218,0.0,0.3609
qwen2_audio_7b,1716,unrestricted,0.5493,0.0106,0.28
qwen2_audio_7b,1717,unrestricted,0.2096,0.0,0.1048
qwen2_audio_7b,1718,unrestricted,0.9349,0.0122,0.4735
qwen2_audio_7b,1719,unrestricted,0.7865,0.0507,0.4186
qwen2_audio_7b,1720,unrestricted,0.7215,0.0093,0.3654
qwen2_audio_7b,1721,unrestricted,0.8065,0.1111,0.4588
qwen2_audio_7b,1722,unrestricted,0.9748,0.0308,0.5028
qwen2_audio_7b,1723,unrestricted,0.8752,0.1392,0.5072
qwen2_audio_7b,1724,unrestricted,0.3705,0.0241,0.1973
qwen2_audio_7b,1725,unrestricted,0.8042,0.0551,0.4297
qwen2_audio_7b,1726,unrestricted,0.7756,0.025,0.4003
qwen2_audio_7b,1727,unrestricted,0.9497,0.0306,0.4901
qwen2_audio_7b,1728,unrestricted,0.6174,0.0549,0.3361
qwen2_audio_7b,1729,unrestricted,0.9574,0.0102,0.4838
qwen2_audio_7b,1730,unrestricted,0.9181,0.0089,0.4635
qwen2_audio_7b,1731,unrestricted,0.9486,0.0132,0.4809
qwen2_audio_7b,1732,unrestricted,0.7623,0.0286,0.3954
qwen2_audio_7b,1733,unrestricted,0.5129,0.1098,0.3113
qwen2_audio_7b,1734,unrestricted,0.9241,0.0573,0.4907
qwen2_audio_7b,1735,unrestricted,0.154,0.0,0.077
qwen2_audio_7b,1736,unrestricted,0.7398,0.0,0.3699
qwen2_audio_7b,1737,unrestricted,0.0866,0.0,0.0433
qwen2_audio_7b,1738,unrestricted,0.8735,0.0556,0.4645
qwen2_audio_7b,1739,unrestricted,0.1965,0.0,0.0982
qwen2_audio_7b,1740,unrestricted,0.6714,0.0294,0.3504
qwen2_audio_7b,1741,unrestricted,0.7898,0.0087,0.3992
qwen2_audio_7b,1742,unrestricted,0.2641,0.0,0.132
qwen2_audio_7b,1743,unrestricted,0.8954,0.0,0.4477
qwen2_audio_7b,1744,unrestricted,0.8378,0.0,0.4189
qwen2_audio_7b,1745,unrestricted,0.1755,0.0,0.0878
qwen2_audio_7b,1746,unrestricted,0.1624,0.0,0.0812
qwen2_audio_7b,1747,unrestricted,0.7408,0.0,0.3704
qwen2_audio_7b,1748,unrestricted,0.6901,0.0185,0.3543
qwen2_audio_7b,1749,unrestricted,0.3673,0.0,0.1837
qwen2_audio_7b,1750,unrestricted,0.8449,0.024,0.4345
qwen2_audio_7b,1751,unrestricted,0.915,0.0196,0.4673
qwen2_audio_7b,1752,unrestricted,0.6658,0.0,0.3329
qwen2_audio_7b,1753,unrestricted,0.1983,0.0,0.0992
qwen2_audio_7b,1754,unrestricted,0.9505,0.0361,0.4933
qwen2_audio_7b,1755,unrestricted,0.6978,0.037,0.3674
qwen2_audio_7b,1756,unrestricted,0.8362,0.0,0.4181
qwen2_audio_7b,1757,unrestricted,0.8931,0.0135,0.4533
qwen2_audio_7b,1758,unrestricted,0.6156,0.0085,0.312
qwen2_audio_7b,1759,unrestricted,0.9815,0.0261,0.5038
qwen2_audio_7b,1760,unrestricted,0.7924,0.0153,0.4038
qwen2_audio_7b,1761,unrestricted,0.2693,0.0,0.1346
qwen2_audio_7b,1762,unrestricted,0.1057,0.0,0.0528
qwen2_audio_7b,1763,unrestricted,0.8276,0.0139,0.4207
qwen2_audio_7b,1764,unrestricted,0.7001,0.0472,0.3736
qwen2_audio_7b,1765,unrestricted,0.845,0.0382,0.4416
qwen2_audio_7b,1766,unrestricted,0.1221,0.0,0.061
qwen2_audio_7b,1767,unrestricted,0.9181,0.0,0.459
qwen2_audio_7b,1768,unrestricted,0.9303,0.0303,0.4803
qwen2_audio_7b,1769,unrestricted,0.9293,0.0122,0.4708
qwen2_audio_7b,1770,unrestricted,0.3253,0.0,0.1627
qwen2_audio_7b,1771,unrestricted,0.9673,0.0,0.4836
qwen2_audio_7b,1772,unrestricted,0.8382,0.0159,0.4271
qwen2_audio_7b,1773,unrestricted,0.8938,0.02,0.4569
qwen2_audio_7b,1774,unrestricted,0.649,0.0161,0.3325
qwen2_audio_7b,1775,unrestricted,0.4733,0.0,0.2366
qwen2_audio_7b,1776,unrestricted,0.6167,0.01,0.3133
qwen2_audio_7b,1777,unrestricted,0.5777,0.0342,0.3059
qwen2_audio_7b,1778,unrestricted,0.1545,0.0,0.0773
qwen2_audio_7b,1779,unrestricted,0.9921,0.0231,0.5076
qwen2_audio_7b,1780,unrestricted,0.9198,0.0111,0.4654
qwen2_audio_7b,1781,unrestricted,0.1735,0.0,0.0867
qwen2_audio_7b,1782,unrestricted,0.9198,0.0138,0.4668
qwen2_audio_7b,1783,unrestricted,0.9568,0.0476,0.5022
qwen2_audio_7b,1784,unrestricted,0.6874,0.0259,0.3566
qwen2_audio_7b,1785,unrestricted,0.8766,0.0234,0.45
qwen2_audio_7b,1786,unrestricted,0.9723,0.0189,0.4956
qwen2_audio_7b,1787,unrestricted,0.1575,0.0,0.0788
qwen2_audio_7b,1788,unrestricted,0.8508,0.0394,0.4451
qwen2_audio_7b,1789,unrestricted,0.8258,0.0,0.4129
qwen2_audio_7b,1790,unrestricted,0.9002,0.0189,0.4595
qwen2_audio_7b,1791,unrestricted,0.9567,0.0638,0.5102
qwen2_audio_7b,1792,unrestricted,0.248,0.0,0.124
qwen2_audio_7b,1793,unrestricted,0.3231,0.0,0.1616
qwen2_audio_7b,1794,unrestricted,0.2462,0.0,0.1231
qwen2_audio_7b,1795,unrestricted,0.0689,0.0,0.0345
qwen2_audio_7b,1796,unrestricted,0.0911,0.0,0.0455
qwen2_audio_7b,1797,unrestricted,0.7673,0.056,0.4117
qwen2_audio_7b,1798,unrestricted,0.6144,0.0,0.3072
qwen2_audio_7b,1799,unrestricted,0.8868,0.0952,0.491
